benchmark,round,execution_order,candidate_wall_s,main_wall_s,gcc14_wall_s,candidate_cpu_s,main_cpu_s,gcc14_cpu_s,stdout_sha256
arith_loop,0,lccc>gcc>ccc,0.125682667,0.120969682,0.12130342,0.12052099999999988,0.1204130000000001,0.12088699999999997,0e4d18143e890dbedbe024fff0e6d9339f887665d0ef89fd64db39dca11a2fde
arith_loop,1,gcc>ccc>lccc,0.118914891,0.119490908,0.119919524,0.11849799999999999,0.119035,0.11941099999999993,0e4d18143e890dbedbe024fff0e6d9339f887665d0ef89fd64db39dca11a2fde
arith_loop,2,gcc>lccc>ccc,0.119789013,0.118225037,0.12155957,0.11924400000000013,0.11785000000000001,0.12101899999999999,0e4d18143e890dbedbe024fff0e6d9339f887665d0ef89fd64db39dca11a2fde
arith_loop,3,lccc>gcc>ccc,0.122336774,0.117790496,0.122782746,0.12195,0.1172869999999997,0.12233300000000025,0e4d18143e890dbedbe024fff0e6d9339f887665d0ef89fd64db39dca11a2fde
arith_loop,4,ccc>lccc>gcc,0.118433836,0.115940103,0.119901622,0.11797899999999961,0.11555600000000021,0.11941200000000007,0e4d18143e890dbedbe024fff0e6d9339f887665d0ef89fd64db39dca11a2fde
arith_loop,5,lccc>gcc>ccc,0.120368365,0.117853418,0.118916444,0.1198809999999999,0.11742100000000022,0.1185480000000001,0e4d18143e890dbedbe024fff0e6d9339f887665d0ef89fd64db39dca11a2fde
arith_loop,6,ccc>lccc>gcc,0.119135664,0.116462508,0.12190391,0.11868900000000027,0.11613399999999974,0.12146100000000004,0e4d18143e890dbedbe024fff0e6d9339f887665d0ef89fd64db39dca11a2fde
arith_loop,7,lccc>gcc>ccc,0.118099923,0.152252832,0.122225114,0.11768899999999993,0.15176000000000034,0.12169799999999986,0e4d18143e890dbedbe024fff0e6d9339f887665d0ef89fd64db39dca11a2fde
arith_loop,8,ccc>lccc>gcc,0.114573486,0.117553589,0.114735075,0.11426399999999992,0.11710399999999987,0.11435100000000009,0e4d18143e890dbedbe024fff0e6d9339f887665d0ef89fd64db39dca11a2fde
fib,0,gcc>ccc>lccc,0.002357198,0.002525031,0.177780188,0.002164000000000499,0.002226999999999535,0.17741700000000016,02e38edb3c7ff83003998a41add430d7d8fb51ed968891e2488a196a1d350f50
fib,1,gcc>ccc>lccc,0.002306605,0.002702224,0.17469744,0.0020780000000000243,0.0023439999999999017,0.17429999999999968,02e38edb3c7ff83003998a41add430d7d8fb51ed968891e2488a196a1d350f50
fib,2,lccc>ccc>gcc,0.002231496,0.002206441,0.188827092,0.002102999999999966,0.002042999999999573,0.18841399999999986,02e38edb3c7ff83003998a41add430d7d8fb51ed968891e2488a196a1d350f50
fib,3,gcc>ccc>lccc,0.002721016,0.002764455,0.17636411,0.002324000000000659,0.002465999999999191,0.17590200000000067,02e38edb3c7ff83003998a41add430d7d8fb51ed968891e2488a196a1d350f50
fib,4,lccc>ccc>gcc,0.002599241,0.002715841,0.174765134,0.002329999999999721,0.002501999999999782,0.17433500000000013,02e38edb3c7ff83003998a41add430d7d8fb51ed968891e2488a196a1d350f50
fib,5,gcc>ccc>lccc,0.002434961,0.003215379,0.175016459,0.0021800000000000708,0.002867000000000175,0.17459000000000024,02e38edb3c7ff83003998a41add430d7d8fb51ed968891e2488a196a1d350f50
fib,6,ccc>gcc>lccc,0.002501349,0.00235115,0.174752294,0.0022440000000001348,0.002113999999999727,0.17431199999999958,02e38edb3c7ff83003998a41add430d7d8fb51ed968891e2488a196a1d350f50
fib,7,gcc>ccc>lccc,0.002562962,0.002685332,0.177205444,0.0022500000000000853,0.0023239999999997707,0.1767910000000006,02e38edb3c7ff83003998a41add430d7d8fb51ed968891e2488a196a1d350f50
fib,8,gcc>ccc>lccc,0.002378493,0.002423882,0.178965824,0.002123000000000097,0.002199000000000062,0.1785199999999998,02e38edb3c7ff83003998a41add430d7d8fb51ed968891e2488a196a1d350f50
matmul,0,ccc>gcc>lccc,0.005260588,0.005330229,0.005407146,0.005041000000000295,0.005117999999999512,0.0050920000000003185,ba73d31a9697e906ebadba299801b8ba030378cb3ed1bf9be3a4ae68d79043df
matmul,1,ccc>lccc>gcc,0.005588763,0.0052763,0.005316039,0.005302000000000362,0.00509299999999957,0.005048999999999637,ba73d31a9697e906ebadba299801b8ba030378cb3ed1bf9be3a4ae68d79043df
matmul,2,ccc>gcc>lccc,0.005333957,0.005328472,0.005263981,0.005124999999999602,0.00509999999999966,0.0050880000000006476,ba73d31a9697e906ebadba299801b8ba030378cb3ed1bf9be3a4ae68d79043df
matmul,3,gcc>ccc>lccc,0.005324697,0.005538691,0.0053122,0.005128000000000021,0.005234999999999879,0.005090000000000039,ba73d31a9697e906ebadba299801b8ba030378cb3ed1bf9be3a4ae68d79043df
matmul,4,lccc>ccc>gcc,0.005317595,0.005410695,0.005422107,0.005106999999999751,0.005217000000000027,0.00512500000000049,ba73d31a9697e906ebadba299801b8ba030378cb3ed1bf9be3a4ae68d79043df
matmul,5,gcc>lccc>ccc,0.005315468,0.005424725,0.005289325,0.005143000000000342,0.005090000000000039,0.005068999999999768,ba73d31a9697e906ebadba299801b8ba030378cb3ed1bf9be3a4ae68d79043df
matmul,6,lccc>ccc>gcc,0.005497539,0.005587952,0.005381533,0.005256999999999401,0.005300000000000082,0.005203999999999986,ba73d31a9697e906ebadba299801b8ba030378cb3ed1bf9be3a4ae68d79043df
matmul,7,ccc>gcc>lccc,0.005414325,0.005375145,0.005259957,0.0051440000000004815,0.005124999999999602,0.005058000000000007,ba73d31a9697e906ebadba299801b8ba030378cb3ed1bf9be3a4ae68d79043df
matmul,8,ccc>gcc>lccc,0.005478241,0.005345908,0.005756006,0.005206000000000266,0.0051160000000001205,0.00556499999999982,ba73d31a9697e906ebadba299801b8ba030378cb3ed1bf9be3a4ae68d79043df
qsort,0,lccc>gcc>ccc,0.150571028,0.148244655,0.148211737,0.14906099999999967,0.147867999999999,0.1478160000000006,7a4e975c7059afe354ae22d2a2dd2889acab1a9b5b72a8e37e15f62f9857657c
qsort,1,gcc>lccc>ccc,0.149307893,0.148517573,0.155250252,0.14859799999999979,0.14797800000000016,0.1540790000000012,7a4e975c7059afe354ae22d2a2dd2889acab1a9b5b72a8e37e15f62f9857657c
qsort,2,lccc>gcc>ccc,0.152623101,0.152924633,0.151213029,0.15190600000000032,0.1524789999999996,0.15081400000000045,7a4e975c7059afe354ae22d2a2dd2889acab1a9b5b72a8e37e15f62f9857657c
qsort,3,lccc>ccc>gcc,0.153365177,0.151644312,0.164802229,0.15287000000000006,0.15121899999999933,0.16432000000000002,7a4e975c7059afe354ae22d2a2dd2889acab1a9b5b72a8e37e15f62f9857657c
qsort,4,lccc>gcc>ccc,0.153821584,0.152604809,0.151186336,0.15337599999999973,0.1520759999999992,0.15082600000000035,7a4e975c7059afe354ae22d2a2dd2889acab1a9b5b72a8e37e15f62f9857657c
qsort,5,ccc>gcc>lccc,0.181835382,0.149884453,0.150178817,0.18147800000000025,0.14948900000000087,0.14982099999999932,7a4e975c7059afe354ae22d2a2dd2889acab1a9b5b72a8e37e15f62f9857657c
qsort,6,gcc>ccc>lccc,0.151169715,0.149600468,0.160048008,0.15066000000000024,0.14919899999999942,0.15959400000000024,7a4e975c7059afe354ae22d2a2dd2889acab1a9b5b72a8e37e15f62f9857657c
qsort,7,ccc>gcc>lccc,0.147462906,0.147895459,0.146371172,0.1471239999999998,0.14749699999999955,0.1459690000000009,7a4e975c7059afe354ae22d2a2dd2889acab1a9b5b72a8e37e15f62f9857657c
qsort,8,ccc>gcc>lccc,0.151442964,0.14827518,0.146858307,0.15098199999999906,0.147926,0.14648200000000067,7a4e975c7059afe354ae22d2a2dd2889acab1a9b5b72a8e37e15f62f9857657c
sieve,0,gcc>ccc>lccc,0.046736987,0.046864771,0.043664371,0.04633200000000137,0.04640600000000106,0.043199999999998795,9bacc01c4e70efb8e4708d8ab96624948e2b503f8681362ccb72ecc73f13524e
sieve,1,lccc>gcc>ccc,0.048246927,0.046795215,0.04364535,0.04761399999999938,0.046300999999999704,0.043250999999999706,9bacc01c4e70efb8e4708d8ab96624948e2b503f8681362ccb72ecc73f13524e
sieve,2,gcc>ccc>lccc,0.045940081,0.046331817,0.043550227,0.045552999999999955,0.045852999999999255,0.04308500000000137,9bacc01c4e70efb8e4708d8ab96624948e2b503f8681362ccb72ecc73f13524e
sieve,3,lccc>gcc>ccc,0.048258544,0.046077373,0.044489684,0.046488999999999336,0.04561400000000049,0.04395200000000088,9bacc01c4e70efb8e4708d8ab96624948e2b503f8681362ccb72ecc73f13524e
sieve,4,ccc>lccc>gcc,0.045421846,0.046254625,0.04396922,0.04500600000000077,0.045204999999999274,0.04348699999999894,9bacc01c4e70efb8e4708d8ab96624948e2b503f8681362ccb72ecc73f13524e
sieve,5,lccc>gcc>ccc,0.04687977,0.047240626,0.042445574,0.04641500000000143,0.0466899999999999,0.042093999999998744,9bacc01c4e70efb8e4708d8ab96624948e2b503f8681362ccb72ecc73f13524e
sieve,6,ccc>gcc>lccc,0.048712381,0.048572753,0.045185991,0.0482320000000005,0.04811300000000074,0.04471799999999959,9bacc01c4e70efb8e4708d8ab96624948e2b503f8681362ccb72ecc73f13524e
sieve,7,lccc>ccc>gcc,0.051102249,0.049137502,0.04571662,0.05059999999999931,0.048713000000001117,0.04532200000000053,9bacc01c4e70efb8e4708d8ab96624948e2b503f8681362ccb72ecc73f13524e
sieve,8,gcc>ccc>lccc,0.047119496,0.047188491,0.046384287,0.04672099999999979,0.046819000000001054,0.046066999999997194,9bacc01c4e70efb8e4708d8ab96624948e2b503f8681362ccb72ecc73f13524e
tce_sum,0,gcc>ccc>lccc,0.002422953,0.002454352,0.002461329,0.002093999999999596,0.0022570000000001755,0.002259000000000455,f65a7e3f4ffdfab3665d128c641933443bf8fed742b8f608a7907006c2079c74
tce_sum,1,lccc>ccc>gcc,0.002453493,0.002194514,0.002403981,0.0022039999999989845,0.002032000000001588,0.002201999999998705,f65a7e3f4ffdfab3665d128c641933443bf8fed742b8f608a7907006c2079c74
tce_sum,2,ccc>gcc>lccc,0.002741139,0.002195437,0.002418868,0.002478999999999232,0.002009999999998513,0.002177000000001428,f65a7e3f4ffdfab3665d128c641933443bf8fed742b8f608a7907006c2079c74
tce_sum,3,ccc>gcc>lccc,0.002291058,0.002441465,0.002762847,0.0021110000000010842,0.0022289999999998145,0.0024660000000000792,f65a7e3f4ffdfab3665d128c641933443bf8fed742b8f608a7907006c2079c74
tce_sum,4,lccc>ccc>gcc,0.00221649,0.003576272,0.002729387,0.0020260000000007494,0.0022519999999985885,0.002475000000000449,f65a7e3f4ffdfab3665d128c641933443bf8fed742b8f608a7907006c2079c74
tce_sum,5,gcc>ccc>lccc,0.002576824,0.002463224,0.00228243,0.002241999999998967,0.002223000000000752,0.0020720000000000738,f65a7e3f4ffdfab3665d128c641933443bf8fed742b8f608a7907006c2079c74
tce_sum,6,gcc>ccc>lccc,0.00238303,0.002871341,0.002724456,0.0021690000000003096,0.002573999999999188,0.00245499999999943,f65a7e3f4ffdfab3665d128c641933443bf8fed742b8f608a7907006c2079c74
tce_sum,7,gcc>ccc>lccc,0.002363666,0.002444165,0.002317879,0.002138999999999669,0.002219000000000193,0.0020810000000004436,f65a7e3f4ffdfab3665d128c641933443bf8fed742b8f608a7907006c2079c74
tce_sum,8,gcc>ccc>lccc,0.002541453,0.002723772,0.002386714,0.0023260000000000502,0.002396000000000953,0.002138999999999669,f65a7e3f4ffdfab3665d128c641933443bf8fed742b8f608a7907006c2079c74
nbody,0,gcc>ccc>lccc,0.297436541,0.3142044,0.270590531,0.29702800000000096,0.31374999999999886,0.27004499999999965,55456af5840c81929f30517d84f77674cec04f759f81680abbcf76a0dc8d3b9a
nbody,1,lccc>gcc>ccc,0.283241391,0.282169166,0.263550529,0.28285100000000085,0.2817530000000019,0.2630960000000009,55456af5840c81929f30517d84f77674cec04f759f81680abbcf76a0dc8d3b9a
nbody,2,gcc>ccc>lccc,0.281901085,0.287749063,0.262301481,0.28144200000000197,0.2873020000000004,0.2618169999999971,55456af5840c81929f30517d84f77674cec04f759f81680abbcf76a0dc8d3b9a
nbody,3,gcc>ccc>lccc,0.28691355,0.282980933,0.259780173,0.28646199999999666,0.2825610000000012,0.2593389999999971,55456af5840c81929f30517d84f77674cec04f759f81680abbcf76a0dc8d3b9a
nbody,4,lccc>ccc>gcc,0.282222674,0.284829278,0.265451086,0.281799000000003,0.2843909999999994,0.2649709999999992,55456af5840c81929f30517d84f77674cec04f759f81680abbcf76a0dc8d3b9a
nbody,5,ccc>gcc>lccc,0.285245736,0.283032285,0.264683404,0.28470500000000243,0.2825009999999999,0.2638940000000005,55456af5840c81929f30517d84f77674cec04f759f81680abbcf76a0dc8d3b9a
nbody,6,ccc>lccc>gcc,0.290784286,0.282382394,0.266440215,0.2903890000000011,0.28198799999999835,0.2659319999999994,55456af5840c81929f30517d84f77674cec04f759f81680abbcf76a0dc8d3b9a
nbody,7,gcc>ccc>lccc,0.283186322,0.284581082,0.264481606,0.2826570000000004,0.2840680000000013,0.264049,55456af5840c81929f30517d84f77674cec04f759f81680abbcf76a0dc8d3b9a
nbody,8,gcc>ccc>lccc,0.291069285,0.286052622,0.264838416,0.2906499999999994,0.2855950000000007,0.26286799999999744,55456af5840c81929f30517d84f77674cec04f759f81680abbcf76a0dc8d3b9a
binary_trees,0,ccc>gcc>lccc,1.507380999,1.539734945,1.453124194,1.5065469999999976,1.538817999999992,1.4521530000000027,f48fea57a55f3a99b08d66b5e433df00a76b14cad57814ef8cccf9feb78564cc
binary_trees,1,ccc>lccc>gcc,1.499292834,1.532046963,1.273740825,1.4987220000000008,1.5315500000000029,1.273178999999999,f48fea57a55f3a99b08d66b5e433df00a76b14cad57814ef8cccf9feb78564cc
binary_trees,2,gcc>ccc>lccc,1.472007892,1.472945858,1.264674178,1.4712689999999995,1.4720820000000003,1.2639250000000004,f48fea57a55f3a99b08d66b5e433df00a76b14cad57814ef8cccf9feb78564cc
binary_trees,3,gcc>lccc>ccc,1.552341723,1.705628773,1.293467734,1.5517380000000003,1.7050280000000058,1.292677999999995,f48fea57a55f3a99b08d66b5e433df00a76b14cad57814ef8cccf9feb78564cc
binary_trees,4,gcc>ccc>lccc,1.51058568,1.506799166,1.414491771,1.5101690000000048,1.5061409999999995,1.4138329999999968,f48fea57a55f3a99b08d66b5e433df00a76b14cad57814ef8cccf9feb78564cc
binary_trees,5,ccc>gcc>lccc,1.557444083,1.560474532,1.268905348,1.556841999999996,1.5598969999999923,1.2682940000000045,f48fea57a55f3a99b08d66b5e433df00a76b14cad57814ef8cccf9feb78564cc
binary_trees,6,lccc>ccc>gcc,1.518200966,1.699941538,1.58381753,1.517776000000005,1.698525999999994,1.5831489999999988,f48fea57a55f3a99b08d66b5e433df00a76b14cad57814ef8cccf9feb78564cc
binary_trees,7,lccc>ccc>gcc,1.614124048,1.566310415,1.391399918,1.6133319999999998,1.5655550000000034,1.390767000000011,f48fea57a55f3a99b08d66b5e433df00a76b14cad57814ef8cccf9feb78564cc
binary_trees,8,gcc>ccc>lccc,1.651939277,1.616807396,1.355624878,1.6511449999999996,1.6162850000000049,1.3548529999999914,f48fea57a55f3a99b08d66b5e433df00a76b14cad57814ef8cccf9feb78564cc
spectral_norm,0,ccc>gcc>lccc,0.233748887,6.3678988,0.2287389,0.23337800000000186,6.36575599999999,0.22831800000000158,6c3be876718ace26f995cc09b03334323c12f60add170ac03dc06f5e4cc17e33
spectral_norm,1,ccc>lccc>gcc,0.236098105,6.534027991,0.230751464,0.23553800000000535,6.532630999999995,0.23030299999999215,6c3be876718ace26f995cc09b03334323c12f60add170ac03dc06f5e4cc17e33
spectral_norm,2,gcc>lccc>ccc,0.24433044,6.396799635,0.235939704,0.24365199999999732,6.395665000000008,0.23541600000000074,6c3be876718ace26f995cc09b03334323c12f60add170ac03dc06f5e4cc17e33
spectral_norm,3,ccc>lccc>gcc,0.259762438,6.542850855,0.25188992,0.25924499999999284,6.541582000000005,0.25134599999999807,6c3be876718ace26f995cc09b03334323c12f60add170ac03dc06f5e4cc17e33
spectral_norm,4,ccc>gcc>lccc,0.240060608,7.152339684,0.236575428,0.2392899999999969,7.150319999999994,0.23564300000001026,6c3be876718ace26f995cc09b03334323c12f60add170ac03dc06f5e4cc17e33
spectral_norm,5,gcc>ccc>lccc,0.247724982,6.67510501,0.230597523,0.24733900000001086,6.673803000000007,0.22979899999999986,6c3be876718ace26f995cc09b03334323c12f60add170ac03dc06f5e4cc17e33
spectral_norm,6,ccc>lccc>gcc,0.241159586,6.732401943,0.236232682,0.2407129999999995,6.730730999999992,0.23580899999998906,6c3be876718ace26f995cc09b03334323c12f60add170ac03dc06f5e4cc17e33
spectral_norm,7,ccc>lccc>gcc,0.245890197,6.559811481,0.239116027,0.24533299999998803,6.5586680000000115,0.2386680000000183,6c3be876718ace26f995cc09b03334323c12f60add170ac03dc06f5e4cc17e33
spectral_norm,8,ccc>gcc>lccc,0.234448103,6.372513984,0.228776483,0.2340870000000166,6.3712799999999845,0.22840800000000172,6c3be876718ace26f995cc09b03334323c12f60add170ac03dc06f5e4cc17e33
mandelbrot,0,lccc>ccc>gcc,1.35673525,1.343283014,1.01500566,1.3562280000000158,1.3425959999999861,1.0143260000000112,2d5533d09c1618b0acbe3497cafa2386a718cc86845e6474231b422767493c4b
mandelbrot,1,ccc>gcc>lccc,1.333318435,1.331671475,1.044917526,1.3324500000000228,1.3306739999999877,1.0442850000000021,2d5533d09c1618b0acbe3497cafa2386a718cc86845e6474231b422767493c4b
mandelbrot,2,ccc>gcc>lccc,1.361176552,1.325376246,1.036514665,1.3602950000000078,1.324280999999985,1.035835999999989,2d5533d09c1618b0acbe3497cafa2386a718cc86845e6474231b422767493c4b
mandelbrot,3,ccc>gcc>lccc,1.346486159,1.354436552,1.050393407,1.3457150000000127,1.3537409999999852,1.0499140000000011,2d5533d09c1618b0acbe3497cafa2386a718cc86845e6474231b422767493c4b
mandelbrot,4,gcc>lccc>ccc,1.375786597,1.336518436,1.051022313,1.3748370000000136,1.3359189999999899,1.0504099999999994,2d5533d09c1618b0acbe3497cafa2386a718cc86845e6474231b422767493c4b
mandelbrot,5,gcc>ccc>lccc,1.345919355,1.343775051,1.036610096,1.3453739999999925,1.343053999999995,1.0359490000000164,2d5533d09c1618b0acbe3497cafa2386a718cc86845e6474231b422767493c4b
mandelbrot,6,lccc>ccc>gcc,1.34596154,1.352799785,1.060552016,1.3447079999999971,1.3518909999999948,1.0599060000000122,2d5533d09c1618b0acbe3497cafa2386a718cc86845e6474231b422767493c4b
mandelbrot,7,ccc>gcc>lccc,1.34641307,1.342216853,1.056550854,1.345766999999995,1.3416839999999866,1.055909000000014,2d5533d09c1618b0acbe3497cafa2386a718cc86845e6474231b422767493c4b
mandelbrot,8,ccc>gcc>lccc,1.373361535,1.356742217,1.05311362,1.3726410000000158,1.355986999999999,1.0524810000000002,2d5533d09c1618b0acbe3497cafa2386a718cc86845e6474231b422767493c4b
hash_table,0,lccc>ccc>gcc,13.559605521,13.2322902,13.327963415,13.556701999999973,13.229018000000053,13.323983999999939,3d781f84556be8f424d867fc77e12f502e998a7ff1810bbeac28dede86d73a8b
hash_table,1,ccc>gcc>lccc,13.277683108,13.339673839,13.301066518,13.274278000000038,13.333427000000029,13.29816199999999,3d781f84556be8f424d867fc77e12f502e998a7ff1810bbeac28dede86d73a8b
hash_table,2,lccc>gcc>ccc,13.346481408,13.743050207,13.636907973,13.343348999999932,13.74036099999995,13.633872000000054,3d781f84556be8f424d867fc77e12f502e998a7ff1810bbeac28dede86d73a8b
hash_table,3,gcc>lccc>ccc,14.039374165,13.79095946,12.607025287,14.036354000000017,13.788372000000038,12.603403000000014,3d781f84556be8f424d867fc77e12f502e998a7ff1810bbeac28dede86d73a8b
hash_table,4,lccc>ccc>gcc,13.029951528,13.717919403,13.311031381,13.024740999999949,13.709352000000024,13.306922999999983,3d781f84556be8f424d867fc77e12f502e998a7ff1810bbeac28dede86d73a8b
hash_table,5,lccc>ccc>gcc,13.234463327,13.070410403,13.157917658,13.230728999999997,13.063236000000018,13.155625999999927,3d781f84556be8f424d867fc77e12f502e998a7ff1810bbeac28dede86d73a8b
hash_table,6,gcc>ccc>lccc,13.257698306,12.999820006,13.601025672,13.252621999999974,12.995216000000028,13.598915000000034,3d781f84556be8f424d867fc77e12f502e998a7ff1810bbeac28dede86d73a8b
hash_table,7,ccc>lccc>gcc,13.605707211,13.765954973,13.185574458,13.601994000000104,13.762200000000007,13.180210999999986,3d781f84556be8f424d867fc77e12f502e998a7ff1810bbeac28dede86d73a8b
hash_table,8,gcc>lccc>ccc,13.626657239,13.902217774,13.222122357,13.62167999999997,13.899299000000042,13.213867999999934,3d781f84556be8f424d867fc77e12f502e998a7ff1810bbeac28dede86d73a8b
strlen_bench,0,lccc>ccc>gcc,0.256786839,0.262037407,0.255429784,0.2562550000000101,0.2615130000000363,0.25499199999990196,8a30da830c8f0ae3ebe045bef1165eac14ce53c06992deb21457a8000ffde822
strlen_bench,1,gcc>lccc>ccc,0.263194046,0.263261233,0.274582874,0.2625749999999698,0.26278500000000804,0.274052000000097,8a30da830c8f0ae3ebe045bef1165eac14ce53c06992deb21457a8000ffde822
strlen_bench,2,lccc>gcc>ccc,0.26011609,0.260118268,0.252978122,0.25977099999988695,0.25975100000005114,0.25250900000003185,8a30da830c8f0ae3ebe045bef1165eac14ce53c06992deb21457a8000ffde822
strlen_bench,3,gcc>lccc>ccc,0.264759956,0.263140823,0.260173514,0.26433799999995244,0.2627030000001014,0.2596499999999651,8a30da830c8f0ae3ebe045bef1165eac14ce53c06992deb21457a8000ffde822
strlen_bench,4,gcc>lccc>ccc,0.264022664,0.260470359,0.257174025,0.2634819999999536,0.2600909999999885,0.2566060000000334,8a30da830c8f0ae3ebe045bef1165eac14ce53c06992deb21457a8000ffde822
strlen_bench,5,gcc>ccc>lccc,0.257766101,0.249624779,0.244192669,0.25729499999999916,0.24920899999995072,0.24376700000004803,8a30da830c8f0ae3ebe045bef1165eac14ce53c06992deb21457a8000ffde822
strlen_bench,6,lccc>ccc>gcc,0.258454612,0.260261805,0.255378138,0.25791100000003553,0.2596379999999954,0.25472400000001016,8a30da830c8f0ae3ebe045bef1165eac14ce53c06992deb21457a8000ffde822
strlen_bench,7,gcc>lccc>ccc,0.263193807,0.266701757,0.266828791,0.262702999999874,0.2661600000001272,0.26639399999999114,8a30da830c8f0ae3ebe045bef1165eac14ce53c06992deb21457a8000ffde822
strlen_bench,8,gcc>lccc>ccc,0.267046786,0.261403348,0.262101312,0.2666659999999865,0.261037999999985,0.26170999999999367,8a30da830c8f0ae3ebe045bef1165eac14ce53c06992deb21457a8000ffde822
switch_dispatch,0,gcc>ccc>lccc,0.700737963,0.680228707,0.60874365,0.7001960000000054,0.6796120000000201,0.6083100000000741,891ac0bd6964e223fc56009596ebee20c07236f44e342fee08f6696838c1f4a1
switch_dispatch,1,ccc>lccc>gcc,0.686479957,0.695266784,0.615934207,0.6859439999999495,0.6947309999999334,0.6155390000000125,891ac0bd6964e223fc56009596ebee20c07236f44e342fee08f6696838c1f4a1
switch_dispatch,2,ccc>lccc>gcc,0.68800406,0.688882645,0.613451496,0.6872960000000603,0.6883530000000064,0.6129429999999729,891ac0bd6964e223fc56009596ebee20c07236f44e342fee08f6696838c1f4a1
switch_dispatch,3,gcc>ccc>lccc,0.674736597,0.684389173,0.612859398,0.6742219999999861,0.6839610000000675,0.6125019999999495,891ac0bd6964e223fc56009596ebee20c07236f44e342fee08f6696838c1f4a1
switch_dispatch,4,lccc>gcc>ccc,0.680212992,0.686820778,0.634527322,0.6797269999999571,0.6862969999999677,0.6339720000000852,891ac0bd6964e223fc56009596ebee20c07236f44e342fee08f6696838c1f4a1
switch_dispatch,5,lccc>gcc>ccc,0.674777212,0.685061545,0.610168768,0.6743979999999965,0.6844380000000001,0.6097419999999829,891ac0bd6964e223fc56009596ebee20c07236f44e342fee08f6696838c1f4a1
switch_dispatch,6,ccc>lccc>gcc,0.676177454,0.674192368,0.606792594,0.6756140000001096,0.6735889999999927,0.6061979999999494,891ac0bd6964e223fc56009596ebee20c07236f44e342fee08f6696838c1f4a1
switch_dispatch,7,lccc>ccc>gcc,0.675176905,0.687653345,0.621199127,0.6745559999999386,0.6870989999999892,0.6206640000000334,891ac0bd6964e223fc56009596ebee20c07236f44e342fee08f6696838c1f4a1
switch_dispatch,8,lccc>ccc>gcc,0.677858234,0.692333515,0.608900666,0.6774189999999862,0.6917049999999563,0.6080140000000256,891ac0bd6964e223fc56009596ebee20c07236f44e342fee08f6696838c1f4a1
struct_copy,0,ccc>gcc>lccc,0.023511051,0.023530237,0.024955491,0.023128999999926236,0.023249000000078013,0.024632999999994354,56b137a98d9268cfbe4d80f35006ff216f237803810a905c7709beaa1ecc6f1b
struct_copy,1,lccc>gcc>ccc,0.023963795,0.023583255,0.028555176,0.023594000000116466,0.023261999999931504,0.02820499999995718,56b137a98d9268cfbe4d80f35006ff216f237803810a905c7709beaa1ecc6f1b
struct_copy,2,lccc>ccc>gcc,0.023766286,0.023795512,0.024871244,0.023452000000020234,0.023505999999997584,0.024507999999968888,56b137a98d9268cfbe4d80f35006ff216f237803810a905c7709beaa1ecc6f1b
struct_copy,3,lccc>gcc>ccc,0.02470658,0.023790172,0.024989181,0.02432700000008481,0.023337999999966996,0.024642999999969106,56b137a98d9268cfbe4d80f35006ff216f237803810a905c7709beaa1ecc6f1b
struct_copy,4,lccc>gcc>ccc,0.023789686,0.024650864,0.026290484,0.02335100000004786,0.024257000000034168,0.025952999999958593,56b137a98d9268cfbe4d80f35006ff216f237803810a905c7709beaa1ecc6f1b
struct_copy,5,lccc>gcc>ccc,0.029882289,0.025112472,0.031963145,0.02942299999995157,0.024736000000075364,0.03160900000000311,56b137a98d9268cfbe4d80f35006ff216f237803810a905c7709beaa1ecc6f1b
struct_copy,6,ccc>lccc>gcc,0.030021806,0.031468914,0.02663235,0.029686999999967156,0.031087999999954263,0.026315000000067812,56b137a98d9268cfbe4d80f35006ff216f237803810a905c7709beaa1ecc6f1b
struct_copy,7,gcc>lccc>ccc,0.025535268,0.032737068,0.037311689,0.025187999999957356,0.032320000000026994,0.03695700000002944,56b137a98d9268cfbe4d80f35006ff216f237803810a905c7709beaa1ecc6f1b
struct_copy,8,gcc>lccc>ccc,0.038884666,0.033631223,0.03396667,0.038565000000062355,0.033273000000008324,0.03355299999998351,56b137a98d9268cfbe4d80f35006ff216f237803810a905c7709beaa1ecc6f1b
loop_patterns,0,lccc>ccc>gcc,0.075106204,0.07535128,0.077838053,0.07463499999994383,0.07484699999997702,0.07739400000002661,80ab053e2dcf1fe9760f72216f20088add00057baba0b4cbb9494891b74b429c
loop_patterns,1,ccc>lccc>gcc,0.077549036,0.081821666,0.075506366,0.07707699999991746,0.08126600000002782,0.07496400000002268,80ab053e2dcf1fe9760f72216f20088add00057baba0b4cbb9494891b74b429c
loop_patterns,2,lccc>ccc>gcc,0.080477217,0.077212117,0.077612586,0.07999400000005608,0.07680100000004586,0.07700399999998808,80ab053e2dcf1fe9760f72216f20088add00057baba0b4cbb9494891b74b429c
loop_patterns,3,gcc>ccc>lccc,0.074437432,0.076120368,0.079216275,0.0740090000000464,0.07568999999989501,0.07879100000002381,80ab053e2dcf1fe9760f72216f20088add00057baba0b4cbb9494891b74b429c
loop_patterns,4,ccc>gcc>lccc,0.07548407,0.071868264,0.077295549,0.0750590000000102,0.07143499999995129,0.07686900000010155,80ab053e2dcf1fe9760f72216f20088add00057baba0b4cbb9494891b74b429c
loop_patterns,5,lccc>gcc>ccc,0.07528456,0.073771473,0.077168706,0.07474599999989096,0.07325000000003001,0.0767319999999927,80ab053e2dcf1fe9760f72216f20088add00057baba0b4cbb9494891b74b429c
loop_patterns,6,ccc>gcc>lccc,0.071254557,0.073453255,0.069250617,0.0708079999999427,0.07299399999999423,0.06888800000001538,80ab053e2dcf1fe9760f72216f20088add00057baba0b4cbb9494891b74b429c
loop_patterns,7,gcc>lccc>ccc,0.071339856,0.068634954,0.06848178,0.07096400000000358,0.06824900000003709,0.06794700000000375,80ab053e2dcf1fe9760f72216f20088add00057baba0b4cbb9494891b74b429c
loop_patterns,8,gcc>lccc>ccc,0.075033168,0.075536417,0.069218071,0.07448399999998401,0.0751269999999522,0.06866300000001502,80ab053e2dcf1fe9760f72216f20088add00057baba0b4cbb9494891b74b429c
fannkuch,0,gcc>ccc>lccc,3.326950212,3.293953473,3.164385282,3.32626700000003,3.2934719999999515,3.1638269999999693,5bcde290050076445edae82a15ecbd298b0d71f5611c0089f7384329ed9d839b
fannkuch,1,lccc>ccc>gcc,3.259672487,3.280161426,3.231048495,3.258874999999989,3.2795039999999744,3.230382000000077,5bcde290050076445edae82a15ecbd298b0d71f5611c0089f7384329ed9d839b
fannkuch,2,lccc>ccc>gcc,3.259251339,3.268937428,3.170651719,3.257802999999967,3.26720499999999,3.169330000000059,5bcde290050076445edae82a15ecbd298b0d71f5611c0089f7384329ed9d839b
fannkuch,3,ccc>gcc>lccc,3.370605952,3.286014671,3.228281922,3.3696520000000874,3.2844900000000052,3.227331999999933,5bcde290050076445edae82a15ecbd298b0d71f5611c0089f7384329ed9d839b
fannkuch,4,ccc>lccc>gcc,3.263763527,3.315194225,3.209678842,3.262970999999993,3.3143799999999146,3.2079630000000634,5bcde290050076445edae82a15ecbd298b0d71f5611c0089f7384329ed9d839b
fannkuch,5,gcc>ccc>lccc,3.270448361,3.308063378,3.174594657,3.269708000000037,3.3071650000000545,3.1739699999999402,5bcde290050076445edae82a15ecbd298b0d71f5611c0089f7384329ed9d839b
fannkuch,6,ccc>gcc>lccc,3.283613348,3.303164138,3.204138061,3.2825540000000046,3.2982230000000072,3.2034899999998743,5bcde290050076445edae82a15ecbd298b0d71f5611c0089f7384329ed9d839b
fannkuch,7,gcc>ccc>lccc,3.29072582,3.254470293,3.160599996,3.2900990000000547,3.2537459999999783,3.1598739999999452,5bcde290050076445edae82a15ecbd298b0d71f5611c0089f7384329ed9d839b
fannkuch,8,gcc>lccc>ccc,3.282042129,3.283286549,3.155355235,3.281385,3.2815349999999626,3.154824000000076,5bcde290050076445edae82a15ecbd298b0d71f5611c0089f7384329ed9d839b
ackermann,0,ccc>lccc>gcc,0.002213154,0.002317706,0.190918348,0.002034000000094238,0.0021219999999857464,0.19055199999991146,b9c3c99e554b5f14573c029277a5b142042a33c22bd1d622cfcdafb114f24571
ackermann,1,gcc>ccc>lccc,0.002548762,0.002667682,0.189966279,0.0022109999999884167,0.002354999999965912,0.18956200000013723,b9c3c99e554b5f14573c029277a5b142042a33c22bd1d622cfcdafb114f24571
ackermann,2,ccc>gcc>lccc,0.002588875,0.002400761,0.194253889,0.002318000000059328,0.0021439999999302017,0.19374600000003284,b9c3c99e554b5f14573c029277a5b142042a33c22bd1d622cfcdafb114f24571
ackermann,3,lccc>gcc>ccc,0.002277206,0.003104338,0.184918309,0.002057999999919957,0.00238000000001648,0.1845580000000382,b9c3c99e554b5f14573c029277a5b142042a33c22bd1d622cfcdafb114f24571
ackermann,4,gcc>ccc>lccc,0.002442694,0.002759576,0.187613181,0.0021809999999504726,0.0022940000000062355,0.18708700000001954,b9c3c99e554b5f14573c029277a5b142042a33c22bd1d622cfcdafb114f24571
ackermann,5,ccc>gcc>lccc,0.002609726,0.00219777,0.195048057,0.002259000000094602,0.0020190000000184227,0.19464899999991303,b9c3c99e554b5f14573c029277a5b142042a33c22bd1d622cfcdafb114f24571
ackermann,6,gcc>ccc>lccc,0.002336447,0.002865156,0.201728801,0.002158000000008542,0.0025239999999939755,0.20126799999991363,b9c3c99e554b5f14573c029277a5b142042a33c22bd1d622cfcdafb114f24571
ackermann,7,lccc>ccc>gcc,0.002364655,0.002403641,0.193195205,0.0021230000000969085,0.0021649999999908687,0.1926979999999503,b9c3c99e554b5f14573c029277a5b142042a33c22bd1d622cfcdafb114f24571
ackermann,8,gcc>lccc>ccc,0.002870433,0.00234675,0.19411546,0.0026319999999486754,0.002131999999960499,0.1937470000000303,b9c3c99e554b5f14573c029277a5b142042a33c22bd1d622cfcdafb114f24571
constant_recursion,0,gcc>ccc>lccc,0.002382793,0.002619023,0.197728655,0.0021570000000110667,0.0023190000000568034,0.19739599999991242,0ca216f38f475da909316aea65266d92000a934d029cd80a7a411390f1a4b822
constant_recursion,1,ccc>lccc>gcc,0.002394252,0.002312971,0.213312871,0.0021439999999302017,0.002071000000000822,0.21279600000002574,0ca216f38f475da909316aea65266d92000a934d029cd80a7a411390f1a4b822
constant_recursion,2,lccc>gcc>ccc,0.002857502,0.002618229,0.196348459,0.002479999999991378,0.0023299999999153442,0.1958510000000615,0ca216f38f475da909316aea65266d92000a934d029cd80a7a411390f1a4b822
constant_recursion,3,ccc>lccc>gcc,0.002385393,0.002482165,0.190777046,0.002149000000031265,0.0021980000000212385,0.1903700000000299,0ca216f38f475da909316aea65266d92000a934d029cd80a7a411390f1a4b822
constant_recursion,4,gcc>ccc>lccc,0.002202174,0.002618139,0.194218278,0.0020560000000386935,0.002372000000036678,0.19383399999992434,0ca216f38f475da909316aea65266d92000a934d029cd80a7a411390f1a4b822
constant_recursion,5,gcc>lccc>ccc,0.002617759,0.002433901,0.186078964,0.002353999999968437,0.002144999999927677,0.1857390000000123,0ca216f38f475da909316aea65266d92000a934d029cd80a7a411390f1a4b822
constant_recursion,6,ccc>lccc>gcc,0.002338041,0.002452582,0.187132072,0.002178999999955522,0.00227200000006178,0.1867300000000114,0ca216f38f475da909316aea65266d92000a934d029cd80a7a411390f1a4b822
constant_recursion,7,lccc>gcc>ccc,0.002445603,0.002377071,0.194454751,0.002212999999983367,0.002142000000048938,0.19412899999997535,0ca216f38f475da909316aea65266d92000a934d029cd80a7a411390f1a4b822
constant_recursion,8,gcc>lccc>ccc,0.002477767,0.002572917,0.195259201,0.002188000000046486,0.002324999999927968,0.19480099999998401,0ca216f38f475da909316aea65266d92000a934d029cd80a7a411390f1a4b822
bitops,0,ccc>gcc>lccc,0.196871113,0.20769208,0.349332081,0.19637499999998909,0.20726200000001427,0.34883300000001327,3987c169a07459da860bb61aa9e892a25dcdc0458baf49b38cfceba527dc279f
bitops,1,gcc>ccc>lccc,0.194785665,0.193819207,0.341436064,0.1943860000000086,0.19334999999989577,0.3408350000000837,3987c169a07459da860bb61aa9e892a25dcdc0458baf49b38cfceba527dc279f
bitops,2,lccc>ccc>gcc,0.195441345,0.198648213,0.339618699,0.19504800000004252,0.1982549999999037,0.3390790000000834,3987c169a07459da860bb61aa9e892a25dcdc0458baf49b38cfceba527dc279f
bitops,3,ccc>lccc>gcc,0.193521465,0.198413086,0.338214483,0.1930849999999964,0.19786499999997886,0.33780000000001564,3987c169a07459da860bb61aa9e892a25dcdc0458baf49b38cfceba527dc279f
bitops,4,gcc>ccc>lccc,0.203119205,0.194824454,0.338742483,0.20267899999998917,0.19415400000002592,0.3383159999999634,3987c169a07459da860bb61aa9e892a25dcdc0458baf49b38cfceba527dc279f
bitops,5,gcc>ccc>lccc,0.196738257,0.193777378,0.347710039,0.19634900000005473,0.19337899999993624,0.34722500000009404,3987c169a07459da860bb61aa9e892a25dcdc0458baf49b38cfceba527dc279f
bitops,6,ccc>lccc>gcc,0.197992384,0.195940418,0.349388884,0.1975360000000137,0.19548299999996743,0.3489280000000008,3987c169a07459da860bb61aa9e892a25dcdc0458baf49b38cfceba527dc279f
bitops,7,gcc>lccc>ccc,0.202681068,0.194755214,0.35167519,0.2023060000000214,0.1943589999999631,0.3512749999999869,3987c169a07459da860bb61aa9e892a25dcdc0458baf49b38cfceba527dc279f
bitops,8,lccc>gcc>ccc,0.195628969,0.207585594,0.343272359,0.19518700000003264,0.20696800000007443,0.34283799999991516,3987c169a07459da860bb61aa9e892a25dcdc0458baf49b38cfceba527dc279f
double_reduction,0,gcc>ccc>lccc,0.10776609,0.110589203,0.111607972,0.10732800000005227,0.11021399999992809,0.11121700000001056,2511aad5fbe585504f3f847eabdceb4e5c174ce1ebea89cc8f76c7aed5826f20
double_reduction,1,gcc>ccc>lccc,0.108553366,0.111959973,0.110762985,0.10811699999999291,0.11157900000000609,0.11038600000006227,2511aad5fbe585504f3f847eabdceb4e5c174ce1ebea89cc8f76c7aed5826f20
double_reduction,2,ccc>gcc>lccc,0.108350405,0.109810698,0.110948179,0.10796500000003562,0.10934699999984332,0.11058100000002469,2511aad5fbe585504f3f847eabdceb4e5c174ce1ebea89cc8f76c7aed5826f20
double_reduction,3,lccc>ccc>gcc,0.110069632,0.10996941,0.110241582,0.10961900000006608,0.10951199999988148,0.10980900000004112,2511aad5fbe585504f3f847eabdceb4e5c174ce1ebea89cc8f76c7aed5826f20
double_reduction,4,ccc>lccc>gcc,0.121247395,0.124430697,0.11798512,0.12068699999997534,0.1240219999999681,0.11751200000003337,2511aad5fbe585504f3f847eabdceb4e5c174ce1ebea89cc8f76c7aed5826f20
double_reduction,5,lccc>gcc>ccc,0.115856078,0.108583702,0.110981428,0.11545999999998457,0.10808399999996254,0.11056300000007013,2511aad5fbe585504f3f847eabdceb4e5c174ce1ebea89cc8f76c7aed5826f20
double_reduction,6,lccc>gcc>ccc,0.108305198,0.108457136,0.10832682,0.10788300000012896,0.10805900000002566,0.10792199999980312,2511aad5fbe585504f3f847eabdceb4e5c174ce1ebea89cc8f76c7aed5826f20
double_reduction,7,ccc>lccc>gcc,0.120791459,0.109911156,0.11482479,0.12020699999993667,0.10935200000005807,0.11421600000005583,2511aad5fbe585504f3f847eabdceb4e5c174ce1ebea89cc8f76c7aed5826f20
double_reduction,8,ccc>gcc>lccc,0.113618384,0.117990639,0.111214346,0.11315600000000359,0.11753699999997025,0.11079800000004525,2511aad5fbe585504f3f847eabdceb4e5c174ce1ebea89cc8f76c7aed5826f20
ascii_case_fold,0,ccc>gcc>lccc,0.002563265,0.002709998,0.002510389,0.0022910000000138098,0.002462999999920612,0.0022770000000491564,e3b0c44298fc1c149afbf4c8996fb92427ae41e4649b934ca495991b7852b855
ascii_case_fold,1,lccc>gcc>ccc,0.002851428,0.002645251,0.002604544,0.0024690000000191503,0.0023239999999304928,0.0023320000000239816,e3b0c44298fc1c149afbf4c8996fb92427ae41e4649b934ca495991b7852b855
ascii_case_fold,2,lccc>gcc>ccc,0.002417339,0.002887779,0.002659216,0.0022349999999278225,0.002606000000014319,0.0023869999999988067,e3b0c44298fc1c149afbf4c8996fb92427ae41e4649b934ca495991b7852b855
ascii_case_fold,3,ccc>lccc>gcc,0.002644906,0.002554012,0.002509161,0.002321000000051754,0.002308999999968364,0.0022510000000011132,e3b0c44298fc1c149afbf4c8996fb92427ae41e4649b934ca495991b7852b855
ascii_case_fold,4,gcc>ccc>lccc,0.002455092,0.002588457,0.002561801,0.0022620000000870277,0.002267000000074404,0.002308999999968364,e3b0c44298fc1c149afbf4c8996fb92427ae41e4649b934ca495991b7852b855
ascii_case_fold,5,gcc>lccc>ccc,0.00292584,0.00257108,0.002887231,0.002642999999920903,0.0022860000000264336,0.0024269999998978165,e3b0c44298fc1c149afbf4c8996fb92427ae41e4649b934ca495991b7852b855
ascii_case_fold,6,lccc>gcc>ccc,0.002557353,0.002607839,0.002619007,0.002283000000034008,0.0023479999999835854,0.0023979999999710344,e3b0c44298fc1c149afbf4c8996fb92427ae41e4649b934ca495991b7852b855
ascii_case_fold,7,ccc>lccc>gcc,0.002570941,0.002527458,0.002463112,0.002279000000044107,0.0022989999999936117,0.002220999999963169,e3b0c44298fc1c149afbf4c8996fb92427ae41e4649b934ca495991b7852b855
ascii_case_fold,8,ccc>gcc>lccc,0.002485013,0.002884929,0.002757028,0.002242000000023836,0.0026119999999991705,0.002451000000064596,e3b0c44298fc1c149afbf4c8996fb92427ae41e4649b934ca495991b7852b855
binary_search,0,lccc>ccc>gcc,0.002491099,0.002768795,0.002624717,0.002261999999973341,0.002496999999948457,0.0024360000001024673,e3b0c44298fc1c149afbf4c8996fb92427ae41e4649b934ca495991b7852b855
binary_search,1,lccc>ccc>gcc,0.00252289,0.002516993,0.002534198,0.002253999999993539,0.002223999999955595,0.00223700000003646,e3b0c44298fc1c149afbf4c8996fb92427ae41e4649b934ca495991b7852b855
binary_search,2,ccc>gcc>lccc,0.002306983,0.002460934,0.00258791,0.0021610000000009677,0.00222499999995307,0.0023479999999835854,e3b0c44298fc1c149afbf4c8996fb92427ae41e4649b934ca495991b7852b855
binary_search,3,ccc>lccc>gcc,0.002454279,0.002337413,0.002603904,0.002226000000064232,0.002165999999988344,0.0024200000000291766,e3b0c44298fc1c149afbf4c8996fb92427ae41e4649b934ca495991b7852b855
binary_search,4,gcc>ccc>lccc,0.00236768,0.002995398,0.002917216,0.0021610000000009677,0.0026149999999915963,0.0025979999999208303,e3b0c44298fc1c149afbf4c8996fb92427ae41e4649b934ca495991b7852b855
binary_search,5,gcc>lccc>ccc,0.002391518,0.002693504,0.002430968,0.002188000000046486,0.0024399999999786814,0.002263000000084503,e3b0c44298fc1c149afbf4c8996fb92427ae41e4649b934ca495991b7852b855
binary_search,6,gcc>lccc>ccc,0.002376387,0.002559197,0.0026439,0.002212999999983367,0.0023449999999911597,0.002472000000011576,e3b0c44298fc1c149afbf4c8996fb92427ae41e4649b934ca495991b7852b855
binary_search,7,lccc>gcc>ccc,0.002574979,0.002766717,0.002534896,0.0022649999999657666,0.0024159999999255888,0.002309000000082051,e3b0c44298fc1c149afbf4c8996fb92427ae41e4649b934ca495991b7852b855
binary_search,8,gcc>ccc>lccc,0.002413603,0.002448266,0.002448044,0.0021759999999630963,0.002280000000041582,0.0022319999999353968,e3b0c44298fc1c149afbf4c8996fb92427ae41e4649b934ca495991b7852b855
ring_fifo,0,gcc>lccc>ccc,0.00253908,0.003507006,0.002568891,0.0022729999999455686,0.003100000000017644,0.0022890000000188593,e3b0c44298fc1c149afbf4c8996fb92427ae41e4649b934ca495991b7852b855
ring_fifo,1,gcc>lccc>ccc,0.004173306,0.003067497,0.003587314,0.0035950000000184446,0.002631000000064887,0.0031669999999621723,e3b0c44298fc1c149afbf4c8996fb92427ae41e4649b934ca495991b7852b855
ring_fifo,2,lccc>gcc>ccc,0.00250356,0.002674427,0.002624957,0.0022529999999960637,0.002292000000011285,0.00231199999996079,e3b0c44298fc1c149afbf4c8996fb92427ae41e4649b934ca495991b7852b855
ring_fifo,3,gcc>ccc>lccc,0.003287526,0.003530305,0.003219513,0.002842999999984386,0.0031139999999822976,0.0028839999999945576,e3b0c44298fc1c149afbf4c8996fb92427ae41e4649b934ca495991b7852b855
ring_fifo,4,ccc>lccc>gcc,0.002446263,0.002685503,0.003033402,0.002066000000013446,0.0022310000000516084,0.002686000000039712,e3b0c44298fc1c149afbf4c8996fb92427ae41e4649b934ca495991b7852b855
ring_fifo,5,gcc>ccc>lccc,0.002366876,0.002398729,0.002881114,0.0021799999999529973,0.0021820000000616346,0.002596999999923355,e3b0c44298fc1c149afbf4c8996fb92427ae41e4649b934ca495991b7852b855
ring_fifo,6,lccc>gcc>ccc,0.002757705,0.002645417,0.00272644,0.002313000000071952,0.002341999999998734,0.0024069999999483116,e3b0c44298fc1c149afbf4c8996fb92427ae41e4649b934ca495991b7852b855
ring_fifo,7,ccc>gcc>lccc,0.002516427,0.002452579,0.00241241,0.002112000000010994,0.002230000000054133,0.0021419999999352513,e3b0c44298fc1c149afbf4c8996fb92427ae41e4649b934ca495991b7852b855
ring_fifo,8,ccc>gcc>lccc,0.002587646,0.003897264,0.00288988,0.002162999999995918,0.0034010000000535,0.0025109999999131105,e3b0c44298fc1c149afbf4c8996fb92427ae41e4649b934ca495991b7852b855
aarch64_select_patterns,0,ccc>lccc>gcc,0.150958943,0.153570963,0.150294376,0.1504170000000613,0.15310599999997976,0.14991999999995187,16ea530c1fc43dfc36fe415b9b9c1a90f6bdebf5e99e68a3ec09286cc2d23eba
aarch64_select_patterns,1,lccc>gcc>ccc,0.150505873,0.152487933,0.150416265,0.15001100000006318,0.15208099999995284,0.1500029999999697,16ea530c1fc43dfc36fe415b9b9c1a90f6bdebf5e99e68a3ec09286cc2d23eba
aarch64_select_patterns,2,gcc>lccc>ccc,0.150197008,0.153069681,0.154412223,0.14981599999998707,0.15261299999986022,0.15399100000013277,16ea530c1fc43dfc36fe415b9b9c1a90f6bdebf5e99e68a3ec09286cc2d23eba
aarch64_select_patterns,3,lccc>gcc>ccc,0.154389848,0.153152651,0.149850272,0.1539500000000089,0.15262200000006487,0.14935000000002674,16ea530c1fc43dfc36fe415b9b9c1a90f6bdebf5e99e68a3ec09286cc2d23eba
aarch64_select_patterns,4,ccc>lccc>gcc,0.156756128,0.151293714,0.148988838,0.15624300000001767,0.1508289999999306,0.14858000000003813,16ea530c1fc43dfc36fe415b9b9c1a90f6bdebf5e99e68a3ec09286cc2d23eba
aarch64_select_patterns,5,lccc>ccc>gcc,0.152097447,0.153350023,0.15210355,0.15166499999997995,0.15281500000003234,0.1516789999999446,16ea530c1fc43dfc36fe415b9b9c1a90f6bdebf5e99e68a3ec09286cc2d23eba
aarch64_select_patterns,6,ccc>lccc>gcc,0.154663776,0.152537252,0.145747429,0.15407600000003185,0.15199500000005628,0.1453599999999824,16ea530c1fc43dfc36fe415b9b9c1a90f6bdebf5e99e68a3ec09286cc2d23eba
aarch64_select_patterns,7,gcc>ccc>lccc,0.152224044,0.152829899,0.149450587,0.15181599999993978,0.15239099999996597,0.14909099999999853,16ea530c1fc43dfc36fe415b9b9c1a90f6bdebf5e99e68a3ec09286cc2d23eba
aarch64_select_patterns,8,gcc>lccc>ccc,0.152209132,0.154428416,0.146949712,0.15170999999998003,0.15401100000008228,0.1465409999999565,16ea530c1fc43dfc36fe415b9b9c1a90f6bdebf5e99e68a3ec09286cc2d23eba
histogram,0,gcc>ccc>lccc,0.002599606,0.002563526,0.002458271,0.002338000000008833,0.00232600000003913,0.0022349999999278225,e3b0c44298fc1c149afbf4c8996fb92427ae41e4649b934ca495991b7852b855
histogram,1,ccc>lccc>gcc,0.00251566,0.002686611,0.002472551,0.0022969999999986612,0.0023599999999532884,0.0022440000000187865,e3b0c44298fc1c149afbf4c8996fb92427ae41e4649b934ca495991b7852b855
histogram,2,gcc>lccc>ccc,0.002606713,0.002555079,0.002684054,0.0024190000000317013,0.002354999999965912,0.002443000000084794,e3b0c44298fc1c149afbf4c8996fb92427ae41e4649b934ca495991b7852b855
histogram,3,lccc>gcc>ccc,0.002622584,0.002612298,0.00245069,0.0023390000000063083,0.0023609999999507636,0.0022099999999909414,e3b0c44298fc1c149afbf4c8996fb92427ae41e4649b934ca495991b7852b855
histogram,4,ccc>gcc>lccc,0.002787833,0.002465406,0.002792175,0.002513000000021748,0.002288000000021384,0.002453999999943335,e3b0c44298fc1c149afbf4c8996fb92427ae41e4649b934ca495991b7852b855
histogram,5,ccc>lccc>gcc,0.002552899,0.002563472,0.002434238,0.002309000000082051,0.0023479999999835854,0.0022519999999985885,e3b0c44298fc1c149afbf4c8996fb92427ae41e4649b934ca495991b7852b855
histogram,6,lccc>gcc>ccc,0.002486922,0.002752967,0.002671723,0.002319999999940592,0.0024690000000191503,0.0023850000000038563,e3b0c44298fc1c149afbf4c8996fb92427ae41e4649b934ca495991b7852b855
histogram,7,ccc>lccc>gcc,0.002695794,0.002848383,0.002567072,0.002450999999950909,0.002644000000032065,0.0022850000000289583,e3b0c44298fc1c149afbf4c8996fb92427ae41e4649b934ca495991b7852b855
histogram,8,ccc>gcc>lccc,0.002582626,0.002508374,0.002504252,0.0023690000000442524,0.0023410000000012587,0.0021990000000187138,e3b0c44298fc1c149afbf4c8996fb92427ae41e4649b934ca495991b7852b855
gzip_crc32,0,lccc>ccc>gcc,0.172475856,0.172655794,0.196780672,0.17209300000001804,0.17227100000002338,0.19633199999998396,03deb2498aac0b24f0379e78a65e14a9bcb662fb7bf2c4baed43b928d6767192
gzip_crc32,1,gcc>ccc>lccc,0.172591696,0.172329221,0.197209955,0.17212300000005598,0.1718789999999899,0.1968019999999342,03deb2498aac0b24f0379e78a65e14a9bcb662fb7bf2c4baed43b928d6767192
gzip_crc32,2,gcc>lccc>ccc,0.171993182,0.17285375,0.196456866,0.1716030000000046,0.1725460000000112,0.19606799999996838,03deb2498aac0b24f0379e78a65e14a9bcb662fb7bf2c4baed43b928d6767192
gzip_crc32,3,gcc>ccc>lccc,0.17170361,0.171598999,0.195973084,0.1713760000000093,0.1711929999999029,0.19564200000002074,03deb2498aac0b24f0379e78a65e14a9bcb662fb7bf2c4baed43b928d6767192
gzip_crc32,4,gcc>lccc>ccc,0.171269523,0.171320407,0.196962087,0.170929000000001,0.1708450000000994,0.19660699999997178,03deb2498aac0b24f0379e78a65e14a9bcb662fb7bf2c4baed43b928d6767192
gzip_crc32,5,ccc>lccc>gcc,0.171546074,0.171590768,0.197363525,0.17114200000003166,0.17121099999985745,0.19701900000006844,03deb2498aac0b24f0379e78a65e14a9bcb662fb7bf2c4baed43b928d6767192
gzip_crc32,6,lccc>gcc>ccc,0.171256424,0.170753137,0.194883919,0.1708769999999049,0.17037599999991926,0.19449100000008457,03deb2498aac0b24f0379e78a65e14a9bcb662fb7bf2c4baed43b928d6767192
gzip_crc32,7,gcc>ccc>lccc,0.170903242,0.170880142,0.195239367,0.17049699999995482,0.17038900000000012,0.19490400000006503,03deb2498aac0b24f0379e78a65e14a9bcb662fb7bf2c4baed43b928d6767192
gzip_crc32,8,gcc>lccc>ccc,0.170707185,0.172938682,0.194745924,0.17034699999999248,0.1725139999999783,0.19440900000006422,03deb2498aac0b24f0379e78a65e14a9bcb662fb7bf2c4baed43b928d6767192
libm_round_family,0,gcc>lccc>ccc,0.243365787,0.246137141,0.232131739,0.24292000000002645,0.24563000000000557,0.2317279999999755,0d609cf828e2dd27baa33fff0d62289d453bcdf8d9d1ea688459bd0e816947d5
libm_round_family,1,gcc>ccc>lccc,0.249021033,0.243266513,0.231776813,0.24856900000008864,0.2426869999999326,0.23127799999997478,0d609cf828e2dd27baa33fff0d62289d453bcdf8d9d1ea688459bd0e816947d5
libm_round_family,2,ccc>gcc>lccc,0.268723127,0.244823682,0.234528705,0.26816999999994096,0.24386900000001788,0.2341910000000098,0d609cf828e2dd27baa33fff0d62289d453bcdf8d9d1ea688459bd0e816947d5
libm_round_family,3,gcc>ccc>lccc,0.24357782,0.24571345,0.237926796,0.24306400000000394,0.24521200000003773,0.23744799999997213,0d609cf828e2dd27baa33fff0d62289d453bcdf8d9d1ea688459bd0e816947d5
libm_round_family,4,ccc>gcc>lccc,0.250060416,0.242412069,0.236960174,0.24955399999998917,0.2419559999999592,0.2359840000000304,0d609cf828e2dd27baa33fff0d62289d453bcdf8d9d1ea688459bd0e816947d5
libm_round_family,5,lccc>ccc>gcc,0.244139875,0.24422836,0.232317185,0.24356000000000222,0.2437529999999697,0.23192100000005667,0d609cf828e2dd27baa33fff0d62289d453bcdf8d9d1ea688459bd0e816947d5
libm_round_family,6,gcc>lccc>ccc,0.246203877,0.267027179,0.233713701,0.24568399999998292,0.26643000000001393,0.23331399999995028,0d609cf828e2dd27baa33fff0d62289d453bcdf8d9d1ea688459bd0e816947d5
libm_round_family,7,ccc>lccc>gcc,0.244015778,0.244072563,0.231609665,0.24363800000003266,0.24356799999998202,0.23124300000006315,0d609cf828e2dd27baa33fff0d62289d453bcdf8d9d1ea688459bd0e816947d5
libm_round_family,8,lccc>gcc>ccc,0.245006852,0.257452192,0.245778179,0.2445189999999684,0.2569270000000188,0.2454169999999749,0d609cf828e2dd27baa33fff0d62289d453bcdf8d9d1ea688459bd0e816947d5
tls_seg_access,0,lccc>ccc>gcc,0.012135641,0.012255471,0.012216922,0.01185299999997369,0.011755999999991218,0.011958000000049651,736e0040cd582bec18b265ece3daa5b73cd4cac37b2d598d4e7a5046e0c25e01
tls_seg_access,1,gcc>lccc>ccc,0.013005742,0.012876767,0.011879419,0.012682999999924505,0.012591000000043095,0.01162299999998595,736e0040cd582bec18b265ece3daa5b73cd4cac37b2d598d4e7a5046e0c25e01
tls_seg_access,2,gcc>lccc>ccc,0.014980122,0.011725706,0.012339224,0.014644999999973152,0.011468000000036227,0.01211399999999685,736e0040cd582bec18b265ece3daa5b73cd4cac37b2d598d4e7a5046e0c25e01
tls_seg_access,3,lccc>gcc>ccc,0.011728521,0.013762397,0.011470912,0.01146599999992759,0.013447000000041953,0.011249000000020715,736e0040cd582bec18b265ece3daa5b73cd4cac37b2d598d4e7a5046e0c25e01
tls_seg_access,4,ccc>gcc>lccc,0.011639022,0.011907878,0.011522902,0.011384000000020933,0.011602999999922758,0.01122900000007121,736e0040cd582bec18b265ece3daa5b73cd4cac37b2d598d4e7a5046e0c25e01
tls_seg_access,5,ccc>lccc>gcc,0.01180006,0.011981241,0.011504113,0.011532999999985805,0.011595000000056643,0.011249000000020715,736e0040cd582bec18b265ece3daa5b73cd4cac37b2d598d4e7a5046e0c25e01
tls_seg_access,6,gcc>lccc>ccc,0.011855587,0.011645711,0.011532028,0.011564000000021224,0.011433000000010907,0.011240999999927226,736e0040cd582bec18b265ece3daa5b73cd4cac37b2d598d4e7a5046e0c25e01
tls_seg_access,7,ccc>lccc>gcc,0.013644835,0.01191156,0.012402135,0.013316000000031636,0.011631999999963227,0.01220299999999952,736e0040cd582bec18b265ece3daa5b73cd4cac37b2d598d4e7a5046e0c25e01
tls_seg_access,8,ccc>lccc>gcc,0.012175919,0.012609599,0.011784511,0.011968000000024404,0.012328000000024986,0.011525999999889791,736e0040cd582bec18b265ece3daa5b73cd4cac37b2d598d4e7a5046e0c25e01
zlib_ng_adler32,0,gcc>ccc>lccc,0.045274374,0.046600183,0.04487548,0.04480399999988549,0.0462200000000621,0.0445239999999103,9fca6d1a5eef1f84133d90ed0313548286a6585cf16691000f24eb60b0ac2e2d
zlib_ng_adler32,1,gcc>lccc>ccc,0.045514838,0.045479593,0.045919394,0.04514100000005783,0.04511899999999969,0.04552999999998519,9fca6d1a5eef1f84133d90ed0313548286a6585cf16691000f24eb60b0ac2e2d
zlib_ng_adler32,2,gcc>ccc>lccc,0.044822403,0.046203219,0.045239688,0.04446200000006684,0.04586599999993268,0.044916000000057466,9fca6d1a5eef1f84133d90ed0313548286a6585cf16691000f24eb60b0ac2e2d
zlib_ng_adler32,3,lccc>gcc>ccc,0.04604511,0.044322486,0.044598841,0.04569499999990967,0.04397900000003574,0.044239000000061424,9fca6d1a5eef1f84133d90ed0313548286a6585cf16691000f24eb60b0ac2e2d
zlib_ng_adler32,4,gcc>ccc>lccc,0.044309493,0.044606442,0.04508691,0.04394600000000537,0.04427399999997306,0.044760999999994056,9fca6d1a5eef1f84133d90ed0313548286a6585cf16691000f24eb60b0ac2e2d
zlib_ng_adler32,5,gcc>lccc>ccc,0.04401499,0.046150637,0.04499737,0.04365899999993417,0.04576800000006642,0.044622000000003936,9fca6d1a5eef1f84133d90ed0313548286a6585cf16691000f24eb60b0ac2e2d
zlib_ng_adler32,6,lccc>ccc>gcc,0.0448097,0.044783214,0.0448742,0.04429800000002615,0.04443000000003394,0.0445239999999103,9fca6d1a5eef1f84133d90ed0313548286a6585cf16691000f24eb60b0ac2e2d
zlib_ng_adler32,7,gcc>ccc>lccc,0.046008276,0.044543464,0.044478249,0.04567900000006375,0.04414899999994759,0.04409900000007383,9fca6d1a5eef1f84133d90ed0313548286a6585cf16691000f24eb60b0ac2e2d
zlib_ng_adler32,8,gcc>ccc>lccc,0.045038273,0.045875623,0.044506776,0.04470899999989797,0.04550300000005336,0.04415299999993749,9fca6d1a5eef1f84133d90ed0313548286a6585cf16691000f24eb60b0ac2e2d
expat_xml_scan,0,lccc>ccc>gcc,0.058224249,0.060640625,0.047182899,0.05790300000001025,0.06030599999996866,0.046818000000030224,ccdf602d99bc512f5bda5863510c2646be814fcfad41c535fe25e9485fe68f5b
expat_xml_scan,1,lccc>gcc>ccc,0.056661025,0.057375027,0.046620063,0.05629399999997986,0.05702100000007704,0.04624699999999393,ccdf602d99bc512f5bda5863510c2646be814fcfad41c535fe25e9485fe68f5b
expat_xml_scan,2,ccc>gcc>lccc,0.056826942,0.057305701,0.046680359,0.056419000000005326,0.0569189999999935,0.046341999999981454,ccdf602d99bc512f5bda5863510c2646be814fcfad41c535fe25e9485fe68f5b
expat_xml_scan,3,ccc>gcc>lccc,0.05707254,0.056864409,0.046181687,0.056591999999909604,0.0565159999999878,0.045670000000086475,ccdf602d99bc512f5bda5863510c2646be814fcfad41c535fe25e9485fe68f5b
expat_xml_scan,4,gcc>lccc>ccc,0.058211448,0.05995318,0.046929952,0.057894000000032975,0.05959300000006351,0.046546999999918626,ccdf602d99bc512f5bda5863510c2646be814fcfad41c535fe25e9485fe68f5b
expat_xml_scan,5,lccc>ccc>gcc,0.058901916,0.06707609,0.046732371,0.05853899999999612,0.06659500000000662,0.046291999999994005,ccdf602d99bc512f5bda5863510c2646be814fcfad41c535fe25e9485fe68f5b
expat_xml_scan,6,lccc>ccc>gcc,0.060917933,0.058598841,0.053719069,0.0605239999999867,0.05822399999999561,0.05329200000005585,ccdf602d99bc512f5bda5863510c2646be814fcfad41c535fe25e9485fe68f5b
expat_xml_scan,7,lccc>ccc>gcc,0.059525333,0.059542869,0.048377624,0.059188999999946645,0.059145000000057735,0.04778199999998378,ccdf602d99bc512f5bda5863510c2646be814fcfad41c535fe25e9485fe68f5b
expat_xml_scan,8,gcc>ccc>lccc,0.057658499,0.060690366,0.050339873,0.05731500000001688,0.0603120000000672,0.04995499999995445,ccdf602d99bc512f5bda5863510c2646be814fcfad41c535fe25e9485fe68f5b
sqlite_varint,0,ccc>lccc>gcc,0.032976316,0.031953843,0.028362822,0.03265199999998458,0.031615999999985434,0.02803099999994174,23b0fffa114913f4204b45a0f66c8fec3a4143c61aafd54c9e8d9374e5fcd324
sqlite_varint,1,ccc>lccc>gcc,0.032464889,0.032151535,0.028830348,0.03215999999997621,0.0317410000000109,0.02849900000001071,23b0fffa114913f4204b45a0f66c8fec3a4143c61aafd54c9e8d9374e5fcd324
sqlite_varint,2,lccc>gcc>ccc,0.032353543,0.032288658,0.028999688,0.03196600000001126,0.031934999999975844,0.028533000000038555,23b0fffa114913f4204b45a0f66c8fec3a4143c61aafd54c9e8d9374e5fcd324
sqlite_varint,3,ccc>gcc>lccc,0.032441467,0.032346698,0.028792392,0.032137999999918065,0.03200200000003406,0.028397000000040862,23b0fffa114913f4204b45a0f66c8fec3a4143c61aafd54c9e8d9374e5fcd324
sqlite_varint,4,ccc>lccc>gcc,0.033719888,0.032700289,0.028951615,0.03336500000000342,0.03235800000004474,0.028595999999993182,23b0fffa114913f4204b45a0f66c8fec3a4143c61aafd54c9e8d9374e5fcd324
sqlite_varint,5,gcc>ccc>lccc,0.034258817,0.031884494,0.028550547,0.033879000000069937,0.03152699999998276,0.028210000000058244,23b0fffa114913f4204b45a0f66c8fec3a4143c61aafd54c9e8d9374e5fcd324
sqlite_varint,6,gcc>lccc>ccc,0.032488648,0.033246968,0.030007937,0.03214200000002165,0.032891999999947075,0.02968799999996463,23b0fffa114913f4204b45a0f66c8fec3a4143c61aafd54c9e8d9374e5fcd324
sqlite_varint,7,ccc>gcc>lccc,0.03277552,0.034911823,0.030920759,0.032450999999923624,0.03454199999998764,0.03055600000004688,23b0fffa114913f4204b45a0f66c8fec3a4143c61aafd54c9e8d9374e5fcd324
sqlite_varint,8,ccc>gcc>lccc,0.031837156,0.031966612,0.032791113,0.03145500000005086,0.0316370000000461,0.03243299999996907,23b0fffa114913f4204b45a0f66c8fec3a4143c61aafd54c9e8d9374e5fcd324
linux_find_bit,0,ccc>lccc>gcc,0.016296268,0.016217023,0.012387896,0.015971999999919717,0.015982000000008156,0.01213000000007014,5feceb66ffc86f38d952786c6d696c79c2dbc239dd4e91b46729d73a27fb57e9
linux_find_bit,1,gcc>lccc>ccc,0.015960123,0.016937765,0.01223235,0.015752000000020416,0.01654699999994591,0.011931000000004133,5feceb66ffc86f38d952786c6d696c79c2dbc239dd4e91b46729d73a27fb57e9
linux_find_bit,2,gcc>ccc>lccc,0.016349337,0.016661651,0.012187364,0.016042999999967833,0.01625500000000102,0.011925000000019281,5feceb66ffc86f38d952786c6d696c79c2dbc239dd4e91b46729d73a27fb57e9
linux_find_bit,3,gcc>ccc>lccc,0.016608083,0.016494748,0.012615061,0.016354999999975917,0.01611800000000585,0.012110000000006949,5feceb66ffc86f38d952786c6d696c79c2dbc239dd4e91b46729d73a27fb57e9
linux_find_bit,4,ccc>lccc>gcc,0.016866668,0.016361972,0.012379722,0.016446000000087224,0.015994999999975335,0.012055000000032123,5feceb66ffc86f38d952786c6d696c79c2dbc239dd4e91b46729d73a27fb57e9
linux_find_bit,5,gcc>ccc>lccc,0.016114779,0.016663961,0.01222171,0.015820999999959895,0.016356999999970867,0.011890999999991436,5feceb66ffc86f38d952786c6d696c79c2dbc239dd4e91b46729d73a27fb57e9
linux_find_bit,6,ccc>lccc>gcc,0.016582584,0.016086309,0.012427988,0.01626099999998587,0.015739000000053238,0.012094999999931133,5feceb66ffc86f38d952786c6d696c79c2dbc239dd4e91b46729d73a27fb57e9
linux_find_bit,7,ccc>gcc>lccc,0.01628252,0.016235448,0.012126996,0.01588600000002316,0.015851000000111526,0.011867999999935819,5feceb66ffc86f38d952786c6d696c79c2dbc239dd4e91b46729d73a27fb57e9
linux_find_bit,8,ccc>lccc>gcc,0.016322096,0.016398591,0.012162048,0.01596499999993739,0.01603099999999813,0.011898999999971238,5feceb66ffc86f38d952786c6d696c79c2dbc239dd4e91b46729d73a27fb57e9
linux_find_bit_scaled,0,ccc>gcc>lccc,0.881445032,0.876090429,0.630067585,0.8809719999999288,0.8756530000000566,0.629613000000063,5feceb66ffc86f38d952786c6d696c79c2dbc239dd4e91b46729d73a27fb57e9
linux_find_bit_scaled,1,ccc>gcc>lccc,0.875623828,0.888530933,0.620797037,0.8751039999999648,0.8881330000000389,0.6204579999999851,5feceb66ffc86f38d952786c6d696c79c2dbc239dd4e91b46729d73a27fb57e9
linux_find_bit_scaled,2,gcc>ccc>lccc,0.90619523,0.919248954,0.623652264,0.9058089999999765,0.918672000000015,0.6232690000000503,5feceb66ffc86f38d952786c6d696c79c2dbc239dd4e91b46729d73a27fb57e9
linux_find_bit_scaled,3,gcc>ccc>lccc,0.87863482,0.879753476,0.634313459,0.8781790000000456,0.8791319999999132,0.6338550000000396,5feceb66ffc86f38d952786c6d696c79c2dbc239dd4e91b46729d73a27fb57e9
linux_find_bit_scaled,4,lccc>ccc>gcc,0.888824519,0.88736245,0.63548611,0.8883060000000569,0.8867699999999559,0.6350309999999126,5feceb66ffc86f38d952786c6d696c79c2dbc239dd4e91b46729d73a27fb57e9
linux_find_bit_scaled,5,ccc>gcc>lccc,0.882251493,0.880377105,0.616602864,0.881804000000102,0.8799099999999953,0.6161499999999478,5feceb66ffc86f38d952786c6d696c79c2dbc239dd4e91b46729d73a27fb57e9
linux_find_bit_scaled,6,gcc>ccc>lccc,0.88578467,0.888640364,0.656208869,0.8852520000000368,0.888227000000029,0.6557919999999058,5feceb66ffc86f38d952786c6d696c79c2dbc239dd4e91b46729d73a27fb57e9
linux_find_bit_scaled,7,ccc>lccc>gcc,0.924395619,0.898230212,0.668001482,0.9239219999999477,0.8976040000000012,0.6675460000000157,5feceb66ffc86f38d952786c6d696c79c2dbc239dd4e91b46729d73a27fb57e9
linux_find_bit_scaled,8,lccc>gcc>ccc,0.928528179,0.881484788,0.626144214,0.9280740000000378,0.8805790000000115,0.6257100000000264,5feceb66ffc86f38d952786c6d696c79c2dbc239dd4e91b46729d73a27fb57e9
glibc_memcmp,0,ccc>gcc>lccc,0.009027262,0.00884105,0.00895302,0.008708999999953448,0.008621999999945729,0.008773000000019238,a37a63147caf063264f9172761e7369b8400e1b48dbf52b37899815b838a0fba
glibc_memcmp,1,gcc>ccc>lccc,0.009389655,0.009233833,0.008742478,0.009052999999994427,0.009041999999908512,0.00856500000008964,a37a63147caf063264f9172761e7369b8400e1b48dbf52b37899815b838a0fba
glibc_memcmp,2,gcc>lccc>ccc,0.010187569,0.008753954,0.009418527,0.00999899999999343,0.0084990000000289,0.009174000000029991,a37a63147caf063264f9172761e7369b8400e1b48dbf52b37899815b838a0fba
glibc_memcmp,3,gcc>lccc>ccc,0.011525387,0.012195428,0.008656761,0.011243000000035863,0.011922000000140542,0.008441999999945438,a37a63147caf063264f9172761e7369b8400e1b48dbf52b37899815b838a0fba
glibc_memcmp,4,lccc>ccc>gcc,0.012304733,0.010439822,0.008886602,0.01196099999992839,0.010187999999970998,0.008587000000034095,a37a63147caf063264f9172761e7369b8400e1b48dbf52b37899815b838a0fba
glibc_memcmp,5,gcc>lccc>ccc,0.010095439,0.010235648,0.008940521,0.009843000000046231,0.010001999999985856,0.008648999999991247,a37a63147caf063264f9172761e7369b8400e1b48dbf52b37899815b838a0fba
glibc_memcmp,6,gcc>lccc>ccc,0.008815044,0.008616529,0.010479662,0.008516999999983454,0.008377999999993335,0.010279999999966094,a37a63147caf063264f9172761e7369b8400e1b48dbf52b37899815b838a0fba
glibc_memcmp,7,lccc>ccc>gcc,0.008736221,0.0093194,0.008696912,0.008446000000049025,0.008996000000024651,0.008460000000013679,a37a63147caf063264f9172761e7369b8400e1b48dbf52b37899815b838a0fba
glibc_memcmp,8,lccc>gcc>ccc,0.008612459,0.009627487,0.009761824,0.00841400000001613,0.009413999999992484,0.009465999999974883,a37a63147caf063264f9172761e7369b8400e1b48dbf52b37899815b838a0fba
chacha20_block,0,ccc>gcc>lccc,0.289690128,0.296176107,0.309304959,0.28921599999989667,0.2957380000000285,0.30890099999999165,dd42106e0f9c518f8857384b413952639afa5dfb742b56279d85a4c28eed6430
chacha20_block,1,ccc>lccc>gcc,0.295520987,0.293659442,0.31595729,0.29488800000001447,0.2932550000000447,0.3154970000000503,dd42106e0f9c518f8857384b413952639afa5dfb742b56279d85a4c28eed6430
chacha20_block,2,lccc>gcc>ccc,0.296580079,0.319349354,0.318705233,0.29614599999990787,0.3182120000000168,0.318175999999994,dd42106e0f9c518f8857384b413952639afa5dfb742b56279d85a4c28eed6430
chacha20_block,3,ccc>gcc>lccc,0.286034451,0.295185803,0.314350831,0.2856130000000121,0.29487600000004477,0.31395099999997456,dd42106e0f9c518f8857384b413952639afa5dfb742b56279d85a4c28eed6430
chacha20_block,4,lccc>ccc>gcc,0.283463416,0.291566695,0.314110667,0.2830510000000004,0.2911299999999528,0.3136090000000422,dd42106e0f9c518f8857384b413952639afa5dfb742b56279d85a4c28eed6430
chacha20_block,5,lccc>gcc>ccc,0.291561384,0.292284796,0.313726276,0.2911269999999604,0.2917340000000195,0.3133149999999887,dd42106e0f9c518f8857384b413952639afa5dfb742b56279d85a4c28eed6430
chacha20_block,6,gcc>lccc>ccc,0.293309442,0.290062738,0.315615502,0.292870999999991,0.2897040000000288,0.31503299999997125,dd42106e0f9c518f8857384b413952639afa5dfb742b56279d85a4c28eed6430
chacha20_block,7,lccc>gcc>ccc,0.292239909,0.293417518,0.310043687,0.2917650000000549,0.2916600000000926,0.3093819999999141,dd42106e0f9c518f8857384b413952639afa5dfb742b56279d85a4c28eed6430
chacha20_block,8,ccc>lccc>gcc,0.29848518,0.294848446,0.325477612,0.29799400000001697,0.2936689999999089,0.3249600000000328,dd42106e0f9c518f8857384b413952639afa5dfb742b56279d85a4c28eed6430
sha256_transform,0,ccc>gcc>lccc,0.352675003,0.355614411,0.303598634,0.3473279999999477,0.3548789999999826,0.3031780000000026,9cf334d87cbe1c4a7074aa5c58e32eeec43367557a99628af62c75e50e19e3ae
sha256_transform,1,gcc>ccc>lccc,0.347922589,0.349045834,0.296240563,0.34745699999996305,0.34852699999999004,0.29582700000003115,9cf334d87cbe1c4a7074aa5c58e32eeec43367557a99628af62c75e50e19e3ae
sha256_transform,2,gcc>ccc>lccc,0.350893027,0.361119392,0.297959193,0.35035100000004604,0.36050199999999677,0.2973690000000033,9cf334d87cbe1c4a7074aa5c58e32eeec43367557a99628af62c75e50e19e3ae
sha256_transform,3,gcc>ccc>lccc,0.361758743,0.34726296,0.296325912,0.36135699999999815,0.3468440000000328,0.29590399999995043,9cf334d87cbe1c4a7074aa5c58e32eeec43367557a99628af62c75e50e19e3ae
sha256_transform,4,lccc>gcc>ccc,0.375012111,0.353627252,0.308985559,0.37443800000005467,0.3532340000000431,0.3085129999999481,9cf334d87cbe1c4a7074aa5c58e32eeec43367557a99628af62c75e50e19e3ae
sha256_transform,5,gcc>lccc>ccc,0.361855833,0.354385264,0.306995382,0.36133499999994,0.35360000000002856,0.30660100000000057,9cf334d87cbe1c4a7074aa5c58e32eeec43367557a99628af62c75e50e19e3ae
sha256_transform,6,ccc>gcc>lccc,0.36177566,0.349661777,0.302789649,0.36124100000006365,0.3492119999999659,0.3021489999999858,9cf334d87cbe1c4a7074aa5c58e32eeec43367557a99628af62c75e50e19e3ae
sha256_transform,7,lccc>gcc>ccc,0.357153285,0.344053847,0.30587348,0.356757000000016,0.3435389999999643,0.3054539999999406,9cf334d87cbe1c4a7074aa5c58e32eeec43367557a99628af62c75e50e19e3ae
sha256_transform,8,gcc>lccc>ccc,0.351113325,0.361266061,0.29488882,0.3498739999999998,0.359367999999904,0.2941920000000664,9cf334d87cbe1c4a7074aa5c58e32eeec43367557a99628af62c75e50e19e3ae
linux_rbtree,0,gcc>ccc>lccc,0.018556393,0.01881892,0.018284223,0.018314000000032138,0.018490000000042528,0.018004999999902793,07e44a5c72b9c7ee519ddf7a5fcee9269fbfe39267970ad47117995ff3b24c1d
linux_rbtree,1,lccc>gcc>ccc,0.018519174,0.019769896,0.019028021,0.018260999999938576,0.019407000000001062,0.01879000000008091,07e44a5c72b9c7ee519ddf7a5fcee9269fbfe39267970ad47117995ff3b24c1d
linux_rbtree,2,ccc>lccc>gcc,0.019020409,0.018733393,0.018392254,0.018771000000015192,0.01848999999992884,0.018109999999978754,07e44a5c72b9c7ee519ddf7a5fcee9269fbfe39267970ad47117995ff3b24c1d
linux_rbtree,3,ccc>lccc>gcc,0.019401766,0.018988594,0.01862605,0.019129000000020824,0.01876700000002529,0.01840900000001966,07e44a5c72b9c7ee519ddf7a5fcee9269fbfe39267970ad47117995ff3b24c1d
linux_rbtree,4,lccc>gcc>ccc,0.018824986,0.018698403,0.018557032,0.018630000000030122,0.018455000000017208,0.018212999999946078,07e44a5c72b9c7ee519ddf7a5fcee9269fbfe39267970ad47117995ff3b24c1d
linux_rbtree,5,gcc>ccc>lccc,0.019383693,0.019838293,0.019355829,0.01890800000001036,0.019555999999965934,0.019127000000025873,07e44a5c72b9c7ee519ddf7a5fcee9269fbfe39267970ad47117995ff3b24c1d
linux_rbtree,6,ccc>gcc>lccc,0.018683996,0.018630878,0.017979579,0.018478999999956613,0.018358000000034735,0.01773800000000847,07e44a5c72b9c7ee519ddf7a5fcee9269fbfe39267970ad47117995ff3b24c1d
linux_rbtree,7,gcc>ccc>lccc,0.018957619,0.019146741,0.020094686,0.018619999999941683,0.018587000000025,0.01975599999991573,07e44a5c72b9c7ee519ddf7a5fcee9269fbfe39267970ad47117995ff3b24c1d
linux_rbtree,8,lccc>gcc>ccc,0.018686856,0.019650071,0.01828408,0.018437000000062653,0.019388000000049033,0.01790399999993042,07e44a5c72b9c7ee519ddf7a5fcee9269fbfe39267970ad47117995ff3b24c1d
zstd_count,0,ccc>lccc>gcc,0.011788924,0.013367113,0.011048205,0.01149899999995796,0.013063999999985754,0.010802000000012413,05fea458d1cbbb9c920585be759e9bfa181c7287bf6a7ce450752cceb40ed76a
zstd_count,1,gcc>ccc>lccc,0.012667947,0.012546076,0.011533905,0.012412999999924068,0.012316000000055283,0.011288000000035936,05fea458d1cbbb9c920585be759e9bfa181c7287bf6a7ce450752cceb40ed76a
zstd_count,2,ccc>lccc>gcc,0.011836357,0.013218963,0.011389794,0.011609999999905085,0.012924999999995634,0.011138000000073589,05fea458d1cbbb9c920585be759e9bfa181c7287bf6a7ce450752cceb40ed76a
zstd_count,3,gcc>lccc>ccc,0.012163524,0.0121096,0.010950616,0.011926000000016757,0.011818000000062057,0.01071999999999207,05fea458d1cbbb9c920585be759e9bfa181c7287bf6a7ce450752cceb40ed76a
zstd_count,4,ccc>gcc>lccc,0.01236401,0.012126808,0.011282526,0.012097999999923559,0.011902999999961139,0.011054000000058295,05fea458d1cbbb9c920585be759e9bfa181c7287bf6a7ce450752cceb40ed76a
zstd_count,5,lccc>ccc>gcc,0.013202258,0.012336057,0.010763249,0.01292599999999311,0.012119999999981701,0.010542999999984204,05fea458d1cbbb9c920585be759e9bfa181c7287bf6a7ce450752cceb40ed76a
zstd_count,6,ccc>gcc>lccc,0.012320137,0.012048831,0.010870534,0.012054000000034648,0.011841000000003987,0.010639999999966676,05fea458d1cbbb9c920585be759e9bfa181c7287bf6a7ce450752cceb40ed76a
zstd_count,7,gcc>lccc>ccc,0.012153511,0.012068402,0.010668973,0.011887000000001535,0.011791000000016538,0.010421999999948639,05fea458d1cbbb9c920585be759e9bfa181c7287bf6a7ce450752cceb40ed76a
zstd_count,8,lccc>ccc>gcc,0.011775714,0.011755096,0.0132266,0.01153199999998833,0.011521000000016102,0.012974999999983083,05fea458d1cbbb9c920585be759e9bfa181c7287bf6a7ce450752cceb40ed76a
lz4_compress,0,gcc>lccc>ccc,0.0040765,0.004067655,0.004024238,0.0038539999999329666,0.00386100000002898,0.0038289999999960855,65842a767d97b97253ff3f4067a6c831a4a815b0c118631d61a69bd055fdb551
lz4_compress,1,gcc>lccc>ccc,0.004168262,0.004074047,0.003985533,0.0038299999999935608,0.0038499999999430656,0.0037590000000591317,65842a767d97b97253ff3f4067a6c831a4a815b0c118631d61a69bd055fdb551
lz4_compress,2,lccc>gcc>ccc,0.004109992,0.0040381,0.004045824,0.0038359999999784122,0.003810000000044056,0.0038200000000188084,65842a767d97b97253ff3f4067a6c831a4a815b0c118631d61a69bd055fdb551
lz4_compress,3,gcc>lccc>ccc,0.004137151,0.003988203,0.004054893,0.0039249999999810825,0.0037670000000389336,0.0038299999999935608,65842a767d97b97253ff3f4067a6c831a4a815b0c118631d61a69bd055fdb551
lz4_compress,4,gcc>lccc>ccc,0.003971264,0.003984336,0.003900777,0.003767999999922722,0.003773000000023785,0.0036989999999832435,65842a767d97b97253ff3f4067a6c831a4a815b0c118631d61a69bd055fdb551
lz4_compress,5,ccc>gcc>lccc,0.004532311,0.004302256,0.004550153,0.00428599999997914,0.0040169999999761785,0.004272000000014486,65842a767d97b97253ff3f4067a6c831a4a815b0c118631d61a69bd055fdb551
lz4_compress,6,lccc>gcc>ccc,0.004106806,0.005065695,0.004904689,0.003872000000001208,0.004851000000030581,0.004581000000030144,65842a767d97b97253ff3f4067a6c831a4a815b0c118631d61a69bd055fdb551
lz4_compress,7,lccc>ccc>gcc,0.004734507,0.00401579,0.003954034,0.004523000000062893,0.0037229999999226493,0.0036410000000159926,65842a767d97b97253ff3f4067a6c831a4a815b0c118631d61a69bd055fdb551
lz4_compress,8,gcc>lccc>ccc,0.004041342,0.003936622,0.003946925,0.0038250000000061846,0.0036519999999882202,0.003650999999990745,65842a767d97b97253ff3f4067a6c831a4a815b0c118631d61a69bd055fdb551
lz4_match_extend,0,gcc>ccc>lccc,1.403084428,1.439045132,1.121427845,1.4026709999999412,1.4385130000000572,1.120529999999917,523a522c38613a1e874e062a1c81583935e97e8538d7f6fedb360e000a7816c8
lz4_match_extend,1,ccc>lccc>gcc,1.384126989,1.416776909,1.095982135,1.383579999999938,1.4163570000000618,1.0955940000000055,523a522c38613a1e874e062a1c81583935e97e8538d7f6fedb360e000a7816c8
lz4_match_extend,2,gcc>ccc>lccc,1.409234556,1.602618957,1.129004371,1.4086469999999736,1.601707000000033,1.1286029999999982,523a522c38613a1e874e062a1c81583935e97e8538d7f6fedb360e000a7816c8
lz4_match_extend,3,gcc>lccc>ccc,1.38681916,1.466710707,1.128721649,1.3862870000000385,1.4660920000000033,1.128198999999995,523a522c38613a1e874e062a1c81583935e97e8538d7f6fedb360e000a7816c8
lz4_match_extend,4,lccc>gcc>ccc,1.432680489,1.472448202,1.108738132,1.4319390000000567,1.4718520000000126,1.107962999999927,523a522c38613a1e874e062a1c81583935e97e8538d7f6fedb360e000a7816c8
lz4_match_extend,5,lccc>ccc>gcc,1.51271021,1.434655642,1.126916996,1.51203600000008,1.434032000000002,1.126429999999914,523a522c38613a1e874e062a1c81583935e97e8538d7f6fedb360e000a7816c8
lz4_match_extend,6,ccc>lccc>gcc,1.433398062,1.448409753,1.111484106,1.4328909999999269,1.4478710000000774,1.1107070000000476,523a522c38613a1e874e062a1c81583935e97e8538d7f6fedb360e000a7816c8
lz4_match_extend,7,gcc>lccc>ccc,1.431089264,1.456135608,1.099319706,1.430234999999925,1.4553520000000617,1.0987650000000713,523a522c38613a1e874e062a1c81583935e97e8538d7f6fedb360e000a7816c8
lz4_match_extend,8,ccc>gcc>lccc,1.526722824,1.451203469,1.134779651,1.5260889999999563,1.4505769999998392,1.134157000000073,523a522c38613a1e874e062a1c81583935e97e8538d7f6fedb360e000a7816c8
glibc_strstr,0,ccc>gcc>lccc,5.294920377,5.169588815,4.92260929,5.293285999999966,5.166744999999992,4.92154800000003,d1291ba7e1e5b60535b11f56744b7f13f1c6677895ec40c9f88dd5dc8a302855
glibc_strstr,1,ccc>gcc>lccc,5.289370192,5.239561367,4.957163227,5.287623999999937,5.234675000000038,4.954494999999952,d1291ba7e1e5b60535b11f56744b7f13f1c6677895ec40c9f88dd5dc8a302855
glibc_strstr,2,lccc>ccc>gcc,5.241779369,5.237450512,4.926820114,5.241059000000064,5.235892000000035,4.925374999999917,d1291ba7e1e5b60535b11f56744b7f13f1c6677895ec40c9f88dd5dc8a302855
glibc_strstr,3,lccc>gcc>ccc,5.269124229,5.305573624,4.956625364,5.267458000000033,5.304389000000015,4.952449999999999,d1291ba7e1e5b60535b11f56744b7f13f1c6677895ec40c9f88dd5dc8a302855
glibc_strstr,4,gcc>ccc>lccc,5.252202166,5.244461904,4.915763634,5.251221999999871,5.243824000000018,4.914993999999979,d1291ba7e1e5b60535b11f56744b7f13f1c6677895ec40c9f88dd5dc8a302855
glibc_strstr,5,lccc>gcc>ccc,5.315924968,5.247808589,4.953544287,5.314980000000105,5.2460980000000745,4.952395000000024,d1291ba7e1e5b60535b11f56744b7f13f1c6677895ec40c9f88dd5dc8a302855
glibc_strstr,6,gcc>ccc>lccc,5.282490327,5.268598785,4.894521352,5.279150999999956,5.266503999999941,4.893276000000014,d1291ba7e1e5b60535b11f56744b7f13f1c6677895ec40c9f88dd5dc8a302855
glibc_strstr,7,ccc>lccc>gcc,5.286579409,5.258672617,4.930032559,5.28583999999978,5.257275000000163,4.9281770000002325,d1291ba7e1e5b60535b11f56744b7f13f1c6677895ec40c9f88dd5dc8a302855
glibc_strstr,8,ccc>lccc>gcc,5.271813207,5.27282263,4.973272804,5.269993000000113,5.270972999999913,4.970858999999791,d1291ba7e1e5b60535b11f56744b7f13f1c6677895ec40c9f88dd5dc8a302855
