benchmark,output_checked_all_rounds,candidate_text_sha256,main_text_sha256,text_changed,candidate_median_wall_s,main_median_wall_s,gcc14_median_wall_s,candidate_main_paired_median,candidate_main_bootstrap95_lo,candidate_main_bootstrap95_hi,candidate_gcc14_paired_median,candidate_gcc14_bootstrap95_lo,candidate_gcc14_bootstrap95_hi,candidate_binary_sha256,main_binary_sha256,binary_identical
arith_loop,True,0d5d2d2457c10a1fe483599d296f809d14f6427fbc3f614a0ce36b5a0a4c57ad,0d5d2d2457c10a1fe483599d296f809d14f6427fbc3f614a0ce36b5a0a4c57ad,False,0.119135664,0.117853418,0.12130342,1.0213396186778394,0.9746489832819992,1.0385963057664687,0.9916224400623871,0.9772915733383777,1.012209589785581,a101a7708be0c5a6cae752fbbefcbbd889b46118300bc2aed7c75a29050c4c81,a101a7708be0c5a6cae752fbbefcbbd889b46118300bc2aed7c75a29050c4c81,True
fib,True,52b3a2295134572171521271a49abd5dd1f017aae6c284359bd43ed8df4bf202,52b3a2295134572171521271a49abd5dd1f017aae6c284359bd43ed8df4bf202,False,0.002434961,0.002685332,0.17636411,0.9570667060405966,0.853595038753264,1.011355390876076,0.013912754342721559,0.013203427594588679,0.014872766326491645,e72ce75cedb659cd60b4297d80278629863fe45ea926637fa00fe8c577c0086d,e72ce75cedb659cd60b4297d80278629863fe45ea926637fa00fe8c577c0086d,True
matmul,True,edecae95d7c95cd0457c0cb65e37fe1e86f437d42046befe23e7828920cbddb9,edecae95d7c95cd0457c0cb65e37fe1e86f437d42046befe23e7828920cbddb9,False,0.005333957,0.005375145,0.005316039,0.986934707683291,0.9798594398794409,1.0247540735830096,1.0049425966451295,0.9728954979207146,1.0293477684323276,4076a06ccb070a666a85d44adf4bcb3903c18dff66e30f21388e33998dbb5995,4076a06ccb070a666a85d44adf4bcb3903c18dff66e30f21388e33998dbb5995,True
qsort,True,b1621b085c9bee2077b4d73e47d90c9b9f11143b1fe5dee58cd72e07453c0735,b1621b085c9bee2077b4d73e47d90c9b9f11143b1fe5dee58cd72e07453c0735,False,0.151442964,0.149600468,0.151186336,1.0104895861689418,0.9980282313314429,1.0213642229265882,1.0093250694687164,0.9445273133296356,1.0312182340492324,09ad8851f08ea4d67344983375d6dae4f9a380fbc94a2a65a429748642a77544,09ad8851f08ea4d67344983375d6dae4f9a380fbc94a2a65a429748642a77544,True
sieve,True,0ed385f600ebe861aa0ab46973c7672c91371b68453f59246c690672cd3a4ca8,0ed385f600ebe861aa0ab46973c7672c91371b68453f59246c690672cd3a4ca8,False,0.047119496,0.046864771,0.04396922,0.9985378850109871,0.9915449894831451,1.039984674027589,1.0780416656126894,1.0548758104062237,1.1044678062311044,ff59d49d3748307c41ee94f847f3710163815fa23140e3dcdc660dbfb93159ce,ff59d49d3748307c41ee94f847f3710163815fa23140e3dcdc660dbfb93159ce,True
tce_sum,True,85b9afe21b9bc5c0dddd3a64e5a25a4fd7d216431a217d8ed8dfe69536d5e8ac,85b9afe21b9bc5c0dddd3a64e5a25a4fd7d216431a217d8ed8dfe69536d5e8ac,False,0.002422953,0.002454352,0.002418868,0.9670648258198608,0.8299362562649298,1.0461184204116232,1.0197538352951123,0.829238101132636,1.1289827070271599,2b2f93187d3b38623016b8fc9488793818820dadeb63e5495da1ae5d125f483a,2b2f93187d3b38623016b8fc9488793818820dadeb63e5495da1ae5d125f483a,True
nbody,True,85545ccfa63a84ed8be92ff9408a335889ebeb64dd80e42208f57e11fe53dcaa,85545ccfa63a84ed8be92ff9408a335889ebeb64dd80e42208f57e11fe53dcaa,False,0.285245736,0.284581082,0.264683404,1.0037999368081203,0.9908485391027814,1.0175375529331803,1.0776865178898787,1.0747138018455658,1.0992126734841285,636e80cef7c430badc46110cc14f0bb785a58f0b96e1f8eac341269fa1da7819,636e80cef7c430badc46110cc14f0bb785a58f0b96e1f8eac341269fa1da7819,True
binary_trees,True,7bcd1119e732834ad1c07f70468fcff3f982c7f329317ca61f40476c02c4deb3,7bcd1119e732834ad1c07f70468fcff3f982c7f329317ca61f40476c02c4deb3,False,1.518200966,1.560474532,1.355624878,0.998057995220136,0.9101287147434867,1.0025129520147344,1.1639423952878398,1.0373380370542507,1.2185814112803557,51cb0080c2c9c9c9bb9552a3c0174823257f48b56ae34380ae3b5222ed628931,51cb0080c2c9c9c9bb9552a3c0174823257f48b56ae34380ae3b5222ed628931,True
spectral_norm,True,86928058b41cfefa6155875c5ceb1abeba6143b8ee3f44e68cd0274c7b4e56ba,f9435a453a3bfb14204444da8438beffeeb77cd6bcffcc3b7b299bfbad357b5a,True,0.241159586,6.542850855,0.235939704,0.03679051997196841,0.03582073501282037,0.0381957312939973,1.0247910970814251,1.0208561489387824,1.03556305216014,104be91e5acc0651eef4303161c5788ee247a510371dd94d1ed0ea2d6ecbf88b,cc5428687d7edaa41a08e9b8899e9fd149013b7d852ee47bf21b1ec4b7806d78,False
mandelbrot,True,6225bd4fa63d4c5832a1f6f5de06a304d4a781fcb7d2a23bde6e9bc1dd69180c,6225bd4fa63d4c5832a1f6f5de06a304d4a781fcb7d2a23bde6e9bc1dd69180c,False,1.346486159,1.343283014,1.050393407,1.0031263331186917,0.9949451167306329,1.0270114287230103,1.2983853429496215,1.2743476235929485,1.3132245958140885,978adead14aa80027f036d0e5c7d827ff976a721b08e5405cf260291be68ff81,978adead14aa80027f036d0e5c7d827ff976a721b08e5405cf260291be68ff81,True
hash_table,True,558e8de13cc4218fc476613c88efea6c219e72bc84672e361cfc9114a0386f6d,558e8de13cc4218fc476613c88efea6c219e72bc84672e361cfc9114a0386f6d,False,13.346481408,13.717919403,13.301066518,0.9953529050448923,0.9711440478622418,1.0198370669656178,1.0058174607099368,0.9787029020379825,1.0318630602207168,515e62bb5e3cbc753fc1342f674ede2bb9470fc5644cac45c4bde62a43aeec2c,515e62bb5e3cbc753fc1342f674ede2bb9470fc5644cac45c4bde62a43aeec2c,True
strlen_bench,True,be6c9502331a521609070b5e938daa9abd7090ccfa00c14a2af1a9a102cbce6e,be6c9502331a521609070b5e938daa9abd7090ccfa00c14a2af1a9a102cbce6e,False,0.263193807,0.261403348,0.257174025,0.9999916268856597,0.98684691829758,1.0215890042846736,1.017628397024303,0.9863770922681279,1.0282157521906183,3c4601f47b7e1a2d17cd4eec8d590bc880f98d21889c5bad3a013542da4f2aba,3c4601f47b7e1a2d17cd4eec8d590bc880f98d21889c5bad3a013542da4f2aba,True
switch_dispatch,True,1a7b7f053187876aee139c72553e2693db0cccb95dd5534810fc8daa86179f60,1a7b7f053187876aee139c72553e2693db0cccb95dd5534810fc8daa86179f60,False,0.677858234,0.686820778,0.612859398,0.9873619347246135,0.9818564977677816,1.0029443910880935,1.1132492898275135,1.086892874851062,1.1215296799928254,52df4fd77007c999934dc6ce2a1ae86cfbb1e843f7757b0fd20ba7a01edce0d0,52df4fd77007c999934dc6ce2a1ae86cfbb1e843f7757b0fd20ba7a01edce0d0,True
struct_copy,True,05dfafdc6172d1c78459b80bfa403337ce19ec39648414af6f2e48a6bcb9538b,05dfafdc6172d1c78459b80bfa403337ce19ec39648414af6f2e48a6bcb9538b,False,0.02470658,0.024650864,0.02663235,0.999184623597289,0.9540146825530744,1.1562073136620692,0.9421193516088303,0.839210201330925,1.1272683784945754,f0efbc8dbeb5cebf3f93d351df1fd9d879ec6709afc3b153a7e94da9134f4ece,f0efbc8dbeb5cebf3f93d351df1fd9d879ec6709afc3b153a7e94da9134f4ece,True
loop_patterns,True,496b99142e735a14f9cf54d9b74853cda72e5de7729c5ddd30b01d0f71e39fca,496b99142e735a14f9cf54d9b74853cda72e5de7729c5ddd30b01d0f71e39fca,False,0.075106204,0.07535128,0.077168706,0.9967475535916575,0.9700667043278068,1.042287404190718,1.0270529507406037,0.964903425834662,1.0417348380839397,4e8d5c03083b957b6b688dcf46041dfa1be05ae9a2c20984d9439a2db16bae4b,4e8d5c03083b957b6b688dcf46041dfa1be05ae9a2c20984d9439a2db16bae4b,True
fannkuch,True,0cc4a4278485fdb9219006a4f03b3a3e31613a2e4330c3f7e79a6df7d325eac6,0cc4a4278485fdb9219006a4f03b3a3e31613a2e4330c3f7e79a6df7d325eac6,False,3.282042129,3.286014671,3.174594657,0.9970369304358554,0.9886292937281204,1.0111402236726454,1.0301939977718548,1.0168504974056216,1.0440866174140786,3ab33922f4baf1d76401b9e5175617f3eb7ac9761018f59332eb674540f25ebd,3ab33922f4baf1d76401b9e5175617f3eb7ac9761018f59332eb674540f25ebd,True
ackermann,True,6a596333addc4749dca70bdf347e47140a9679fb7da63f1d58a54072eb9b05c9,6a596333addc4749dca70bdf347e47140a9679fb7da63f1d58a54072eb9b05c9,False,0.002442694,0.002403641,0.193195205,0.9554219730837483,0.8154693845640517,1.1874427260359366,0.013019842139982692,0.011592149330770452,0.013416918062599942,60619216760f4f1e5bcbc370f0f026466bebe5b3dfcfb784484be6539e47d56d,60619216760f4f1e5bcbc370f0f026466bebe5b3dfcfb784484be6539e47d56d,True
constant_recursion,True,beb352c141249722ae0933ce49d37b328909b72ae2f55fe10f616b75f01ea871,beb352c141249722ae0933ce49d37b328909b72ae2f55fe10f616b75f01ea871,False,0.002394252,0.002482165,0.194454751,0.9630186282728903,0.9098022430501755,1.0755404595338922,0.012503563976978655,0.01133865474803561,0.012689629924276911,3e22c740abb9e0245dccfea67eb7ea538209005e8c0af10061744e3ed08f7bfc,3e22c740abb9e0245dccfea67eb7ea538209005e8c0af10061744e3ed08f7bfc,True
bitops,True,fdeeaaadfaa8d85222dc5a9deeebdf49c6cebf56c90558a81535466c37327b8f,fdeeaaadfaa8d85222dc5a9deeebdf49c6cebf56c90558a81535466c37327b8f,False,0.196738257,0.195940418,0.343272359,1.0049863891972275,0.9478989906596341,1.0406964919563078,0.5704894284395219,0.5658112649430866,0.5763303006959347,fec20c513c9b3af000445cdf7fc3c525d95813c1f2d80dfe73813f018783ba9c,fec20c513c9b3af000445cdf7fc3c525d95813c1f2d80dfe73813f018783ba9c,True
double_reduction,True,ceb45c0e47b6a51b6aaf2316cd90147653f6b83e8660661d1347b336b4e8ea35,ceb45c0e47b6a51b6aaf2316cd90147653f6b83e8660661d1347b336b4e8ea35,False,0.110069632,0.10996941,0.110981428,0.9867017237245864,0.9695729919477561,1.0669748393732237,0.9998004003071447,0.9765856995273442,1.043923114775564,3f9e4b487710a8bcabb84303c368230f4ce795b44070e44f6c508adacdae6a8d,3f9e4b487710a8bcabb84303c368230f4ce795b44070e44f6c508adacdae6a8d,True
ascii_case_fold,True,e06fcaae9721485005c6a97a1c2bd4be2fa3c55cd6a2c65c073730a49039b1e3,e06fcaae9721485005c6a97a1c2bd4be2fa3c55cd6a2c65c073730a49039b1e3,False,0.002563265,0.002607839,0.002604544,0.980640676054005,0.9458549415903628,1.0355887129739405,1.013372328019476,0.9090419883153532,1.054099756850995,00cdfef7692b3df042c7482c9aa6a0de59a447a264d706607deadbec0bc49ff9,00cdfef7692b3df042c7482c9aa6a0de59a447a264d706607deadbec0bc49ff9,True
binary_search,True,658b072a74c7f9b7e7778f05fe1935fc44ec94cdc03367783a3adcebf1ed2973,658b072a74c7f9b7e7778f05fe1935fc44ec94cdc03367783a3adcebf1ed2973,False,0.002413603,0.002559197,0.00258791,0.9306983692224393,0.8878835895547212,1.002342875009982,0.9490924164395629,0.8914463795108793,0.9955378387955478,e7f7d30d4774e70f9ad43784d3c30a58a699d0134ea68e56681b90444b90ffea,e7f7d30d4774e70f9ad43784d3c30a58a699d0134ea68e56681b90444b90ffea,True
ring_fifo,True,ddfc3d5aa4e07b7283cb68e4f335cbd85eb6d47c8d9b29af5d95a444b8edfc3e,ddfc3d5aa4e07b7283cb68e4f335cbd85eb6d47c8d9b29af5d95a444b8edfc3e,False,0.00253908,0.002685503,0.002881114,0.9361108005565305,0.7240021830587116,1.0424462381545139,0.9883953815089859,0.8954164186748238,1.0431174634494136,b4fc71adc058e2ceaaec2072d40b257098491bff63a3f7e1219bfa1e80b69769,b4fc71adc058e2ceaaec2072d40b257098491bff63a3f7e1219bfa1e80b69769,True
aarch64_select_patterns,True,16597f4ee457c897add57af83f73f635c05c92f73c7c6824d9c218386332a855,16597f4ee457c897add57af83f73f635c05c92f73c7c6824d9c218386332a855,False,0.152209132,0.153069681,0.149850272,0.9918319151474793,0.982991446110812,1.0139410142251677,1.0185576855579699,0.9999598760186728,1.0521333685413399,97161214bffbab458d59770e06f94cb95fb26fbd255382b91f85b0894e986992,97161214bffbab458d59770e06f94cb95fb26fbd255382b91f85b0894e986992,True
histogram,True,435d240b00e84874e1a6865c419dd075b693ba721bc655cadf6571dc58553948,435d240b00e84874e1a6865c419dd075b693ba721bc655cadf6571dc58553948,False,0.002599606,0.002563526,0.002504252,1.0039375293324115,0.9363692771301836,1.0296016463254682,1.0312963711319787,0.9711850059648577,1.0574936611952057,03077a85b70ec0f7087e6c14819888119d3042de0b93c9ef26814e0662e61151,03077a85b70ec0f7087e6c14819888119d3042de0b93c9ef26814e0662e61151,True
gzip_crc32,True,6947c5d97f4bca3c5125cd57fb21929fb4238b65668eaa2fe3cb79e5d3a21432,6947c5d97f4bca3c5125cd57fb21929fb4238b65668eaa2fe3cb79e5d3a21432,False,0.171546074,0.171598999,0.196456866,0.9997395314414583,0.9950214097177527,1.001523102109305,0.8754755458635891,0.8695557891808894,0.8765635834308914,4bc2c1bbee288b250dafb7db03e850f169d5754de7451108fb645bb62e02f796,4bc2c1bbee288b250dafb7db03e850f169d5754de7451108fb645bb62e02f796,True
libm_round_family,True,53e8ed58c9cbd9fa5bc0e63b2363976c5c2ada345885d8bfbfb5f35c58ee540b,53e8ed58c9cbd9fa5bc0e63b2363976c5c2ada345885d8bfbfb5f35c58ee540b,False,0.245006852,0.244823682,0.233713701,0.9996376956386228,0.951659607543757,1.031551015721086,1.05344220705315,1.0237511036798057,1.0744001083490609,2476e3a69ecb1391aec5bbddfe31329722f004d7e599a5752516f428136aca7d,2476e3a69ecb1391aec5bbddfe31329722f004d7e599a5752516f428136aca7d,True
tls_seg_access,True,2f048b0d11316618ddfff120c7b53de9b226ab4cc8387bb0e5293c19e654ff6c,2f048b0d11316618ddfff120c7b53de9b226ab4cc8387bb0e5293c19e654ff6c,False,0.012135641,0.011981241,0.011784511,0.9902223260126028,0.965607153724714,1.1455120068236233,1.0280574240714644,1.0100773225355906,1.1002004896737536,77d265dde8091b38011ad1b6ec6f8acb7fe8e06b863732d8927af11ba718b5c1,77d265dde8091b38011ad1b6ec6f8acb7fe8e06b863732d8927af11ba718b5c1,True
zlib_ng_adler32,True,893e40727a362aabc09f7db5ea6c0fad77ae8e552b03ff492b719844159888b1,893e40727a362aabc09f7db5ea6c0fad77ae8e552b03ff492b719844159888b1,False,0.045038273,0.045479593,0.04487548,0.9933429122188224,0.9715492748172254,1.032885004183779,0.9985626484706134,0.9827573679367249,1.0324283987559228,5efa0a94c589181abd05d1c00e3d5e806b5782cab2f306fedd2fe8cb0324671f,5efa0a94c589181abd05d1c00e3d5e806b5782cab2f306fedd2fe8cb0324671f,True
expat_xml_scan,True,204e290240104326038d1f1fec5f561dbc0bdfd975f3b3b234315c2b6942d79e,204e290240104326038d1f1fec5f561dbc0bdfd975f3b3b234315c2b6942d79e,False,0.058211448,0.059542869,0.046929952,0.9875555265533905,0.9601525215150735,1.0036601277259385,1.2304310976496076,1.1453842761979158,1.2403901031051556,2b61a2eb30e9c6855f6853c8703b5e48272af3a590bf2a7c7ba937a026ff37ce,2b61a2eb30e9c6855f6853c8703b5e48272af3a590bf2a7c7ba937a026ff37ce,True
sqlite_varint,True,903804bc81c0bc504b231cde7c513b4012e761058b6e76aa15156a0a9f46f717,903804bc81c0bc504b231cde7c513b4012e761058b6e76aa15156a0a9f46f717,False,0.032488648,0.032288658,0.028951615,1.0029297890004105,0.9771913035799235,1.031998435994068,1.1260664977058201,1.0599843296214042,1.1646979969856606,7e56203e8a12fa0375f958af5af5845e33c77b7dcfeb75fe3117592f52b0631c,7e56203e8a12fa0375f958af5af5845e33c77b7dcfeb75fe3117592f52b0631c,True
linux_find_bit,True,f2d6da2597d3a572fd64d7d7ab5a286165561226c49c6b520fa74a551346ce76,f2d6da2597d3a572fd64d7d7ab5a286165561226c49c6b520fa74a551346ce76,False,0.016322096,0.016398591,0.01223235,1.0028993348381887,0.9670437298791085,1.0068709749309295,1.3342935316641762,1.3154992583082712,1.3426672194828795,9e173796bc71a76117041885afa88dfb2bcb29c58f34aee7506b79f839f6b408,9e173796bc71a76117041885afa88dfb2bcb29c58f34aee7506b79f839f6b408,True
linux_find_bit_scaled,True,c272f92bb76d725e9d9f126d7cbb676b6cf1ca06c695e8018abf09ffcd9c83ec,c272f92bb76d725e9d9f126d7cbb676b6cf1ca06c695e8018abf09ffcd9c83ec,False,0.88578467,0.88736245,0.630067585,1.0016476570537778,0.9857995769881508,1.0061119295711425,1.3989690201250393,1.383822706848426,1.4530456831629495,7578aafa684d1a3ac9fdd947e30161b9c3939b4bf9c049b7f70bc746052588a4,7578aafa684d1a3ac9fdd947e30161b9c3939b4bf9c049b7f70bc746052588a4,True
glibc_memcmp,True,325ee52cb94abdb675944176633dc78fac69df0f9b7140e37b0fe7bfc074efe6,325ee52cb94abdb675944176633dc78fac69df0f9b7140e37b0fe7bfc074efe6,False,0.009389655,0.0093194,0.008940521,1.016875115675148,0.9374231173680709,1.0230388593829371,1.0740267233157466,0.882259196641939,1.3313740554925797,ac9b892c90c7af60a6472bff3e948904425fea14497e4c9be1f0cdcf25a48028,ac9b892c90c7af60a6472bff3e948904425fea14497e4c9be1f0cdcf25a48028,True
chacha20_block,True,5ff5456422287b1d403a0836ac1a10d7c94b34c0b56fb156da4b0c2251433c75,5ff5456422287b1d403a0836ac1a10d7c94b34c0b56fb156da4b0c2251433c75,False,0.292239909,0.293659442,0.314350831,0.9959865756890495,0.9689979941210113,1.0063391287108692,0.92934958371163,0.9099210906810042,0.9365841690239438,11efdcd991ec8308d6cd66eae9b50c7c1bff872c221819431649d253e583977a,11efdcd991ec8308d6cd66eae9b50c7c1bff872c221819431649d253e583977a,True
sha256_transform,True,218cf208410bfa929413a580ac67d01ecd13863fca574db64070e19fb63f145c,218cf208410bfa929413a580ac67d01ecd13863fca574db64070e19fb63f145c,False,0.357153285,0.353627252,0.302789649,1.021080360158542,0.9917342832318456,1.0417429575558532,1.1787012255448195,1.1676503794967776,1.2136881484483875,4cfb321615ca1fb4634854c1f6cd361c288165a8766c0e067e6383657c432056,4cfb321615ca1fb4634854c1f6cd361c288165a8766c0e067e6383657c432056,True
linux_rbtree,True,5d3ac93f9bdabfbc133814a5b81b9a16d741dac84477367911c6ea6331d69ac3,5d3ac93f9bdabfbc133814a5b81b9a16d741dac84477367911c6ea6331d69ac3,False,0.018824986,0.018988594,0.018557032,0.9901224965648201,0.9509816020512089,1.015321089991546,1.0148855108581865,0.973258017741309,1.0391787260424732,93761b4fadd44d405dad4cac4e57a7901628748aa505799e9409d9cc49a56d86,93761b4fadd44d405dad4cac4e57a7901628748aa505799e9409d9cc49a56d86,True
zstd_count,True,0380c3e694d68c9aea39c6d1b91b0438161f71c28889af874d51b967ad744f3f,0380c3e694d68c9aea39c6d1b91b0438161f71c28889af874d51b967ad744f3f,False,0.012163524,0.012126808,0.011048205,1.0070522178495545,0.8954073780220128,1.0225172051960891,1.0983224675424326,1.0392072938281414,1.1391453516659946,ea508602e17d9cfc76d036528232466d4068e7e7d3e3b03d65cb248e2d56beed,ea508602e17d9cfc76d036528232466d4068e7e7d3e3b03d65cb248e2d56beed,True
lz4_compress,True,d711653cb4fa3009e5617ddb96318af23d87c7ef60f55db8dee8a56160b8961f,d711653cb4fa3009e5617ddb96318af23d87c7ef60f55db8dee8a56160b8961f,False,0.004109992,0.0040381,0.004024238,1.0231256536804803,0.9967191522000154,1.0534731080623747,1.0180699896456529,0.9960788131739745,1.0458480710108282,bb084bc1eb213d8e0d6e25e3c9502a7daabe8eb4de2f1fbb733defefea710bd8,bb084bc1eb213d8e0d6e25e3c9502a7daabe8eb4de2f1fbb733defefea710bd8,True
lz4_match_extend,True,69714db6d33953f68094d0ccf31a839e2483635d29829dd24df1c145ca509366,69714db6d33953f68094d0ccf31a839e2483635d29829dd24df1c145ca509366,False,1.431089264,1.451203469,1.121427845,0.9769547909818455,0.9455301262759513,1.0520391224340437,1.2896253345074824,1.2482100089229857,1.3423439484623763,481001383ab47a0ace593be6ccfb84ad8cfec2a71e1a3da489ebad10e22c9ca6,481001383ab47a0ace593be6ccfb84ad8cfec2a71e1a3da489ebad10e22c9ca6,True
glibc_strstr,True,4e5b2ffe01c264423d3d75f32cf73439cf95047af9624be46c570b6f63a64944,4e5b2ffe01c264423d3d75f32cf73439cf95047af9624be46c570b6f63a64944,False,5.282490327,5.247808589,4.930032559,1.0026366672747125,0.9998085611690678,1.0129799663697299,1.0684407463518006,1.0630466985198601,1.073155837518406,704a6cb624a1849b6c3360d0020acf99efef615d34fcc082b618067099299a70,704a6cb624a1849b6c3360d0020acf99efef615d34fcc082b618067099299a70,True
